Feature ID,Module,Main Feature,Sub Feature,Description,Priority,Complexity,Status,Dependencies,Estimated Effort (Days),Assigned To,Development Status,Testing Status,AI Test Ready,Notes,Acceptance Criteria
ABS-001,Absence,Setup,Absence Types,Define absence types and categories,Critical,Medium,Not Started,None,5,,,Yes,,Vacation sick personal leave types
ABS-002,Absence,Setup,Absence Plans,Create absence plans by employee group,Critical,High,Not Started,ABS-001,8,,,Yes,,Plan rules and eligibility
ABS-003,Absence,Setup,Accrual Rules,Define accrual calculation rules,Critical,High,Not Started,ABS-002,9,,,Yes,,Multiple accrual methods supported
ABS-010,Absence,Processing,Absence Requests,Submit and process absence requests,Critical,High,Not Started,HCM-060,10,,,Yes,,ESS absence request workflow
ABS-011,Absence,Processing,Approval Workflow,Manage approval workflows,Critical,High,Not Started,ABS-010,9,,,Yes,,Multi-level approval routing
ABS-012,Absence,Processing,Absence Calendar,Team absence calendar and scheduling,High,High,Not Started,ABS-010,10,,,Yes,,Visual calendar with conflicts
ABS-020,Absence,Balances,Accrual Processing,Run periodic accrual batches,Critical,High,Not Started,ABS-003,9,,,Yes,,Automated accrual calculation
ABS-021,Absence,Balances,Balance Tracking,Track leave balances,Critical,Medium,Not Started,ABS-020,7,,,Yes,,Current and projected balances
ABS-022,Absence,Balances,Balance Adjustments,Manual balance adjustments,High,Medium,Not Started,ABS-021,6,,,Yes,,Approved adjustments with audit
ABS-030,Absence,Compliance,FMLA Management,Manage FMLA leave compliance,Critical,High,Not Started,ABS-010,11,,,Yes,,12-week tracking and notices
ABS-031,Absence,Compliance,State Leave Laws,Support state-specific leave laws,High,High,Not Started,ABS-030,10,,,Yes,,Paid family and sick leave
ABS-032,Absence,Compliance,ADA Accommodations,Track reasonable accommodation leave,High,Medium,Not Started,ABS-030,8,,,No,,Interactive process documentation
ABS-040,Absence,Payouts,PTO Payout,Calculate PTO payouts on termination,Critical,High,Not Started,PAY-047,8,,,Yes,,State-specific payout rules
ABS-041,Absence,Payouts,Leave Cashout,PTO sell-back processing,Medium,Medium,Not Started,ABS-040,6,,,Yes,,Annual cashout windows
ABS-050,Absence,Reporting,Absence Reports,Standard absence reports,Critical,Medium,Not Started,ABS-021,7,,,Yes,,Usage liability and trend reports
ABS-051,Absence,Reporting,Absence Analytics,Analytics and dashboards,High,Medium,Not Started,ABS-050,8,,,No,,Absence rate and pattern analysis
ABS-060,Absence,Integration,Payroll Integration,Integration with Payroll module,Critical,High,Not Started,PAY-094,10,,,Yes,,Absence hours and payouts to payroll
ABS-061,Absence,Integration,Time Integration,Integration with Time & Attendance,High,High,Not Started,None,9,,,Yes,,Absence vs time worked
ABS-062,Absence,Integration,HCM Integration,Integration with HCM module,Critical,High,Not Started,HCM-101,9,,,Yes,,Employee and manager data sync
ABS-004,Absence,Setup,Carryover Rules,Define balance carryover rules,High,Medium,Not Started,ABS-003,6,,,Yes,,Annual carryover and use-it-or-lose-it
ABS-005,Absence,Setup,Blackout Periods,Configure blackout periods,Medium,Low,Not Started,ABS-002,4,,,Yes,,Block absences during peak periods
ABS-013,Absence,Processing,Partial Day Absence,Request partial day absences,High,Medium,Not Started,ABS-010,6,,,Yes,,Hours-based absence requests
ABS-014,Absence,Processing,Recurring Absences,Schedule recurring time off,Medium,Medium,Not Started,ABS-010,7,,,Yes,,Patterns like every Friday
ABS-023,Absence,Balances,Negative Balances,Handle negative balance scenarios,High,Medium,Not Started,ABS-021,6,,,Yes,,Advance time off with repayment
ABS-024,Absence,Balances,Balance Caps,Enforce maximum balance caps,High,Low,Not Started,ABS-021,4,,,Yes,,Stop accruals at cap
ABS-033,Absence,Compliance,Medical Certification,Track medical certifications,High,Medium,Not Started,ABS-030,6,,,Yes,,Certification documents and expiration
ABS-034,Absence,Compliance,Return to Work,Manage return-to-work process,High,Medium,Not Started,ABS-032,7,,,Yes,,Fitness for duty and restrictions
ABS-042,Absence,Payouts,Payout on Hire Anniversary,Anniversary-based payouts,Low,Medium,Not Started,ABS-040,5,,,Yes,,Service milestone payouts
ABS-052,Absence,Reporting,Leave Liability,Calculate leave liability,High,Medium,Not Started,ABS-050,7,,,Yes,,Financial liability for accrued time
ABS-063,Absence,Integration,Calendar Sync,Sync with Outlook/Google calendar,Medium,High,Not Started,ABS-012,8,,,Yes,,Two-way calendar synchronization
ABS-006,Absence,Setup,Waiting Periods,Configure eligibility waiting periods,Medium,Low,Not Started,ABS-002,4,,,Yes,,90-day waiting before accrual
ABS-015,Absence,Processing,Emergency Leave,Flag emergency/unscheduled leave,High,Low,Not Started,ABS-010,3,,,Yes,,Track planned vs unplanned
ABS-025,Absence,Balances,Proration,Prorate accruals for part-time,High,High,Not Started,ABS-020,7,,,Yes,,FTE-based accrual calculation
ABS-035,Absence,Compliance,Workers Comp Leave,Track workers comp absences,Medium,Medium,Not Started,ABS-010,6,,,Yes,,Occupational injury leave
ABS-043,Absence,Payouts,Donation Programs,PTO donation to colleagues,Low,Medium,Not Started,ABS-041,6,,,Yes,,Catastrophic leave donation
ABS-053,Absence,Reporting,Bradford Factor,Calculate Bradford Factor scores,Medium,Low,Not Started,ABS-051,5,,,Yes,,Absence frequency weighting
ABS-007,Absence,Setup,Eligibility Rules,Define plan eligibility criteria,High,Medium,Not Started,ABS-002,6,,,Yes,,Job grade location tenure eligibility
ABS-016,Absence,Processing,Absence Cancellation,Cancel approved absences,High,Medium,Not Started,ABS-011,5,,,Yes,,Restore balances on cancellation
ABS-026,Absence,Balances,Front Loading,Front-load annual entitlement,Medium,Medium,Not Started,ABS-003,6,,,Yes,,Grant full year on hire date
ABS-036,Absence,Compliance,Military Leave,Manage military leave (USERRA),Medium,Medium,Not Started,ABS-010,7,,,Yes,,Job protection and benefits continuation
ABS-044,Absence,Payouts,Forfeiture Rules,Handle forfeiture on termination,High,Medium,Not Started,ABS-040,5,,,Yes,,Cause-based forfeiture rules
ABS-054,Absence,Reporting,Compliance Reports,Generate compliance reports,High,Medium,Not Started,ABS-030,6,,,Yes,,FMLA DOL and state reporting
ABS-064,Absence,Integration,Benefits Integration,Link to benefits continuation,Medium,Medium,Not Started,None,7,,,Yes,,FMLA benefits continuation
ABS-008,Absence,Setup,Substitute Coverage,Track substitute/coverage,Low,Medium,Not Started,ABS-012,6,,,Yes,,Identify coverage during absence
ABS-017,Absence,Processing,Bulk Approval,Approve multiple requests in bulk,Medium,Medium,Not Started,ABS-011,5,,,Yes,,Manager batch approvals
ABS-027,Absence,Balances,Balance Inquiry,Employee balance self-service,Critical,Low,Not Started,HCM-060,4,,,Yes,,Real-time balance visibility
ABS-037,Absence,Compliance,Parental Leave,Manage parental leave programs,High,High,Not Started,ABS-031,9,,,Yes,,Maternity paternity adoption leave
ABS-045,Absence,Payouts,Payout Approval,Approve payout requests,High,Medium,Not Started,ABS-041,5,,,Yes,,Manager approval for cashouts
ABS-055,Absence,Reporting,Absence Dashboards,Manager absence dashboards,High,Medium,Not Started,ABS-051,7,,,No,,Team absence visibility
ABS-009,Absence,Setup,Service-Based Accruals,Accrual rates by tenure,High,Medium,Not Started,ABS-003,6,,,Yes,,Increasing rates with service years
ABS-018,Absence,Processing,Delegation,Delegate approval authority,Medium,Low,Not Started,ABS-011,4,,,Yes,,Temporary approval delegation
ABS-028,Absence,Balances,Year-End Processing,Year-end balance processing,Critical,High,Not Started,ABS-024,8,,,Yes,,Carryover and forfeitures
ABS-038,Absence,Compliance,Bereavement Leave,Configure bereavement policies,Medium,Low,Not Started,ABS-001,4,,,Yes,,Relationship-based entitlement
ABS-046,Absence,Payouts,Payout Calculations,Calculate payout amounts,Critical,High,Not Started,ABS-040,8,,,Yes,,Hourly vs salary payout logic
ABS-056,Absence,Reporting,Audit Reports,Absence audit reports,Medium,Low,Not Started,ABS-022,5,,,Yes,,Change history and adjustments
ABS-065,Absence,Integration,Mobile Access,Mobile absence management,High,High,Not Started,HCM-062,9,,,Yes,,Submit and approve via mobile
AP-001,Accounts Payable,Supplier Management,Supplier Registration,Create and maintain supplier master records,Critical,Medium,Not Started,UR-001,5,,Not Started,Not Started,Yes,Foundation for AP,Suppliers can be created with required fields
AP-002,Accounts Payable,Supplier Management,Supplier Number Assignment,Manual or auto-generated supplier numbers,High,Low,Not Started,AP-001,2,,Not Started,Not Started,Yes,Unique supplier ID,Number assignment works
AP-003,Accounts Payable,Supplier Management,Supplier Types,Support different supplier types (Individual Corp Govt),Medium,Low,Not Started,AP-001,3,,Not Started,Not Started,Yes,Supplier categorization,Types can be assigned
AP-004,Accounts Payable,Supplier Management,Supplier Classification,Strategic Preferred Standard classifications,Medium,Low,Not Started,AP-001,3,,Not Started,Not Started,Yes,Supplier segmentation,Classifications work
AP-005,Accounts Payable,Supplier Management,Supplier Status,Active Inactive Hold status management,High,Medium,Not Started,AP-001,4,,Not Started,Not Started,Yes,Supplier lifecycle,Status changes enforced
AP-006,Accounts Payable,Supplier Management,Tax ID Management,Tax identification number tracking and validation,Critical,Low,Not Started,AP-001,3,,Not Started,Not Started,Yes,Tax compliance,Tax IDs captured
AP-007,Accounts Payable,Supplier Management,Parent-Child Suppliers,Hierarchical supplier relationships,Medium,Medium,Not Started,AP-001,5,,Not Started,Not Started,Yes,Supplier groups,Hierarchy functional
AP-008,Accounts Payable,Supplier Management,Supplier Merge,Merge duplicate supplier records,Medium,High,Not Started,AP-001,7,,Not Started,Not Started,Yes,Data cleanup,Merge capability works
AP-010,Accounts Payable,Supplier Sites,Supplier Site Management,Multiple sites/locations per supplier,Critical,Medium,Not Started,AP-001,5,,Not Started,Not Started,Yes,Multi-location suppliers,Sites can be created
AP-011,Accounts Payable,Supplier Sites,Site Types,Pay Order Both site types,High,Low,Not Started,AP-010,2,,Not Started,Not Started,Yes,Site categorization,Site types supported
AP-012,Accounts Payable,Supplier Sites,Site Addresses,Billing shipping remittance addresses,High,Low,Not Started,AP-010,3,,Not Started,Not Started,Yes,Multiple address types,Addresses maintained
AP-013,Accounts Payable,Supplier Sites,Primary Site,Designate primary site per supplier,Medium,Low,Not Started,AP-010,2,,Not Started,Not Started,Yes,Default site,Primary site set
AP-014,Accounts Payable,Supplier Sites,Site Payment Terms,Site-specific payment terms,High,Medium,Not Started,AP-010,4,,Not Started,Not Started,Yes,Flexible terms,Site terms work
AP-015,Accounts Payable,Supplier Sites,Site Tax Registration,Site-level tax registration numbers,Medium,Medium,Not Started,AP-010,4,,Not Started,Not Started,Yes,Tax compliance,Site tax IDs captured
AP-020,Accounts Payable,Supplier Contacts,Contact Management,Maintain supplier contact information,High,Low,Not Started,AP-001,3,,Not Started,Not Started,Yes,Communication,Contacts can be added
AP-021,Accounts Payable,Supplier Contacts,Contact Roles,Accounts Purchasing Primary contact roles,Medium,Low,Not Started,AP-020,2,,Not Started,Not Started,Yes,Role assignment,Roles functional
AP-022,Accounts Payable,Supplier Contacts,Contact Communications,Email and phone for contacts,High,Low,Not Started,AP-020,2,,Not Started,Not Started,Yes,Contact info,Communications captured
AP-030,Accounts Payable,Supplier Banking,Bank Account Setup,Maintain supplier bank account information,Critical,Medium,Not Started,AP-001,5,,Not Started,Not Started,Yes,Payment processing,Bank accounts created
AP-031,Accounts Payable,Supplier Banking,Multiple Bank Accounts,Support multiple accounts per supplier,High,Medium,Not Started,AP-030,4,,Not Started,Not Started,Yes,Payment flexibility,Multiple accounts work
AP-032,Accounts Payable,Supplier Banking,Bank Account Validation,Validate routing and account numbers,High,Medium,Not Started,AP-030,5,,Not Started,Not Started,Yes,Payment accuracy,Validation enforced
AP-033,Accounts Payable,Supplier Banking,Default Bank Account,Designate default payment account,High,Low,Not Started,AP-031,2,,Not Started,Not Started,Yes,Payment automation,Default account works
AP-034,Accounts Payable,Supplier Banking,Third-Party Accounts,Support third-party payment accounts,Medium,Medium,Not Started,AP-030,5,,Not Started,Not Started,Yes,Payment flexibility,Third-party payments work
AP-040,Accounts Payable,Payment Terms,Payment Terms Setup,Define standard payment terms,Critical,Low,Not Started,,3,,Not Started,Not Started,Yes,Payment scheduling,Terms configured
AP-041,Accounts Payable,Payment Terms,Discount Terms,Early payment discount terms,High,Medium,Not Started,AP-040,4,,Not Started,Not Started,Yes,Discount capture,Discount calculation works
AP-042,Accounts Payable,Payment Terms,Due Date Calculation,Automatic due date calculation,Critical,Medium,Not Started,AP-040,4,,Not Started,Not Started,Yes,Payment scheduling,Due dates calculated
AP-043,Accounts Payable,Payment Terms,Discount Date Calculation,Calculate discount eligibility date,High,Medium,Not Started,AP-041,4,,Not Started,Not Started,Yes,Discount optimization,Discount dates calculated
AP-044,Accounts Payable,Payment Terms,Grace Period,Grace period for payment terms,Medium,Low,Not Started,AP-040,3,,Not Started,Not Started,Yes,Payment flexibility,Grace period works
AP-050,Accounts Payable,Invoice Entry,Manual Invoice Entry,User entry of supplier invoices,Critical,High,Not Started,AP-001,8,,Not Started,Not Started,Yes,Core AP functionality,Manual entry works
AP-051,Accounts Payable,Invoice Entry,Invoice Header,Invoice number date type amount tax,Critical,Medium,Not Started,AP-050,5,,Not Started,Not Started,Yes,Invoice identification,Header fields captured
AP-052,Accounts Payable,Invoice Entry,Invoice Lines,Multiple line items per invoice,Critical,High,Not Started,AP-050,7,,Not Started,Not Started,Yes,Line detail,Lines can be entered
AP-053,Accounts Payable,Invoice Entry,Invoice Distributions,GL account distributions for lines,Critical,High,Not Started,AP-052 GL-040,7,,Not Started,Not Started,Yes,GL accounting,Distributions work
AP-054,Accounts Payable,Invoice Entry,Multi-Currency Invoices,Foreign currency invoice entry,High,High,Not Started,AP-050 GL-091,7,,Not Started,Not Started,Yes,Global operations,Multi-currency works
AP-055,Accounts Payable,Invoice Entry,Invoice Attachments,Attach scanned invoices and documents,High,Medium,Not Started,AP-050,5,,Not Started,Not Started,Yes,Supporting docs,Attachments functional
AP-056,Accounts Payable,Invoice Entry,Invoice Templates,Reusable invoice templates,Medium,Medium,Not Started,AP-050,5,,Not Started,Not Started,Yes,Efficient entry,Templates work
AP-060,Accounts Payable,Invoice Import,File Import,Import invoices from CSV Excel,High,High,Not Started,AP-050,8,,Not Started,Not Started,Yes,Bulk processing,Import functional
AP-061,Accounts Payable,Invoice Import,EDI Import,Electronic Data Interchange invoice receipt,Medium,High,Not Started,AP-050,9,,Not Started,Not Started,Yes,Automated invoice receipt,EDI works
AP-062,Accounts Payable,Invoice Import,Email Import,Invoice receipt via email,Medium,High,Not Started,AP-050,8,,Not Started,Not Started,Yes,Convenience,Email import works
AP-063,Accounts Payable,Invoice Import,OCR Scanning,Scan and auto-populate invoice data,Medium,High,Not Started,AP-050,10,,Not Started,Not Started,Yes,Automation,OCR functional
AP-064,Accounts Payable,Invoice Import,Import Validation,Validate imported invoice data,High,Medium,Not Started,AP-060,6,,Not Started,Not Started,Yes,Data quality,Validation works
AP-070,Accounts Payable,Invoice Validation,Duplicate Check,Prevent duplicate invoice entry,Critical,High,Not Started,AP-050,7,,Not Started,Not Started,Yes,Payment accuracy,Duplicate detection works
AP-071,Accounts Payable,Invoice Validation,Supplier Validation,Validate supplier is active and not on hold,Critical,Medium,Not Started,AP-050,4,,Not Started,Not Started,Yes,Valid suppliers,Validation enforced
AP-072,Accounts Payable,Invoice Validation,Account Validation,Validate GL account codes,Critical,Medium,Not Started,AP-053,4,,Not Started,Not Started,Yes,Valid accounting,Account validation works
AP-073,Accounts Payable,Invoice Validation,Amount Validation,Validate invoice amounts and calculations,High,Low,Not Started,AP-050,3,,Not Started,Not Started,Yes,Data accuracy,Amount validation works
AP-074,Accounts Payable,Invoice Validation,Tax Validation,Validate tax codes and amounts,High,Medium,Not Started,AP-050,5,,Not Started,Not Started,Yes,Tax compliance,Tax validation works
AP-075,Accounts Payable,Invoice Validation,Budget Check,Check budget availability,Medium,High,Not Started,AP-053 GL-390,7,,Not Started,Not Started,Yes,Budget control,Budget check works
AP-080,Accounts Payable,PO Matching,2-Way Matching,Match invoice to PO (quantity price),High,High,Not Started,AP-050,8,,Not Started,Not Started,Yes,Invoice verification,2-way matching works
AP-081,Accounts Payable,PO Matching,3-Way Matching,Match invoice PO and receipt,Critical,High,Not Started,AP-080,9,,Not Started,Not Started,Yes,Complete verification,3-way matching works
AP-082,Accounts Payable,PO Matching,4-Way Matching,Match invoice PO receipt and inspection,Medium,High,Not Started,AP-081,8,,Not Started,Not Started,Yes,Quality control,4-way matching works
AP-083,Accounts Payable,PO Matching,Matching Tolerance,Configure price and quantity tolerances,High,Medium,Not Started,AP-080,5,,Not Started,Not Started,Yes,Flexible matching,Tolerances work
AP-084,Accounts Payable,PO Matching,Match Exception Handling,Handle matching variances,High,High,Not Started,AP-080,7,,Not Started,Not Started,Yes,Exception processing,Exceptions handled
AP-085,Accounts Payable,PO Matching,Force Match,Override matching holds with approval,Medium,Medium,Not Started,AP-084,5,,Not Started,Not Started,Yes,Exception resolution,Force match works
AP-090,Accounts Payable,Invoice Holds,System Holds,Automatic holds for validation failures,Critical,High,Not Started,AP-050,7,,Not Started,Not Started,Yes,Payment control,System holds work
AP-091,Accounts Payable,Invoice Holds,Manual Holds,User-placed holds on invoices,High,Medium,Not Started,AP-050,5,,Not Started,Not Started,Yes,Payment control,Manual holds work
AP-092,Accounts Payable,Invoice Holds,Matching Holds,Holds for PO matching variances,High,Medium,Not Started,AP-084,5,,Not Started,Not Started,Yes,Matching control,Matching holds work
AP-093,Accounts Payable,Invoice Holds,Tax Holds,Holds for missing tax information,Medium,Low,Not Started,AP-074,4,,Not Started,Not Started,Yes,Tax compliance,Tax holds work
AP-094,Accounts Payable,Invoice Holds,Hold Release,Release holds when conditions met,High,Medium,Not Started,AP-090,6,,Not Started,Not Started,Yes,Payment processing,Release functional
AP-095,Accounts Payable,Invoice Holds,Hold Workflow,Approval workflow for hold release,Medium,High,Not Started,AP-094,7,,Not Started,Not Started,Yes,Controlled release,Workflow works
AP-100,Accounts Payable,Invoice Approval,Approval Workflow,Multi-level invoice approval,Critical,High,Not Started,AP-050 UR-170,9,,Not Started,Not Started,Yes,Invoice control,Approval workflow works
AP-101,Accounts Payable,Invoice Approval,Amount-Based Routing,Route by invoice amount thresholds,High,Medium,Not Started,AP-100,6,,Not Started,Not Started,Yes,Approval efficiency,Routing works
AP-102,Accounts Payable,Invoice Approval,Department Approval,Department/cost center approval,High,Medium,Not Started,AP-100,6,,Not Started,Not Started,Yes,Budget owner approval,Department approval works
AP-103,Accounts Payable,Invoice Approval,Non-PO Approval,Special approval for non-PO invoices,High,Medium,Not Started,AP-100,5,,Not Started,Not Started,Yes,Additional control,Non-PO approval works
AP-104,Accounts Payable,Invoice Approval,Approval Delegation,Delegate approval authority,Medium,Medium,Not Started,AP-100 UR-120,6,,Not Started,Not Started,Yes,Workflow continuity,Delegation works
AP-105,Accounts Payable,Invoice Approval,Approval Notifications,Email notifications for approvals,High,Low,Not Started,AP-100,4,,Not Started,Not Started,Yes,Timely approvals,Notifications sent
AP-110,Accounts Payable,Payment Selection,Payment Batch Creation,Select invoices for payment,Critical,High,Not Started,AP-050,8,,Not Started,Not Started,Yes,Payment processing,Selection works
AP-111,Accounts Payable,Payment Selection,Selection Criteria,Due date discount date supplier amount,High,Medium,Not Started,AP-110,6,,Not Started,Not Started,Yes,Flexible selection,Criteria work
AP-112,Accounts Payable,Payment Selection,Automatic Selection,Auto-select invoices by rules,High,High,Not Started,AP-110,7,,Not Started,Not Started,Yes,Automation,Auto-selection works
AP-113,Accounts Payable,Payment Selection,Manual Selection,User selects specific invoices,High,Low,Not Started,AP-110,4,,Not Started,Not Started,Yes,User control,Manual selection works
AP-114,Accounts Payable,Payment Selection,Payment Grouping,Group payments by supplier currency,High,High,Not Started,AP-110,7,,Not Started,Not Started,Yes,Payment efficiency,Grouping works
AP-115,Accounts Payable,Payment Selection,Partial Payments,Support partial invoice payments,Medium,Medium,Not Started,AP-110,6,,Not Started,Not Started,Yes,Payment flexibility,Partial payments work
AP-120,Accounts Payable,Payment Methods,Check Payments,Print check payments,High,High,Not Started,AP-110,8,,Not Started,Not Started,Yes,Traditional payment,Check printing works
AP-121,Accounts Payable,Payment Methods,ACH/EFT Payments,Electronic fund transfers,Critical,High,Not Started,AP-110,9,,Not Started,Not Started,Yes,Modern payment,ACH works
AP-122,Accounts Payable,Payment Methods,Wire Transfers,Wire transfer payments,High,High,Not Started,AP-110,8,,Not Started,Not Started,Yes,Large payments,Wire transfers work
AP-123,Accounts Payable,Payment Methods,Credit Card Payments,Corporate card payments,Medium,Medium,Not Started,AP-110,7,,Not Started,Not Started,Yes,Card programs,Card payments work
AP-124,Accounts Payable,Payment Methods,Multi-Currency Payments,Foreign currency payments,High,High,Not Started,AP-121 GL-091,8,,Not Started,Not Started,Yes,Global payments,Multi-currency works
AP-130,Accounts Payable,Check Processing,Check Printing,Print payment checks,High,High,Not Started,AP-120,8,,Not Started,Not Started,Yes,Check output,Printing works
AP-131,Accounts Payable,Check Processing,Check Register,Maintain check register,High,Medium,Not Started,AP-120,5,,Not Started,Not Started,Yes,Payment tracking,Register maintained
AP-132,Accounts Payable,Check Processing,Void Checks,Void issued checks,High,Medium,Not Started,AP-120,5,,Not Started,Not Started,Yes,Error correction,Void functional
AP-133,Accounts Payable,Check Processing,Stop Payment,Stop payment on checks,High,Medium,Not Started,AP-120,5,,Not Started,Not Started,Yes,Payment control,Stop payment works
AP-134,Accounts Payable,Check Processing,Positive Pay,Generate positive pay file,Medium,Medium,Not Started,AP-120,6,,Not Started,Not Started,Yes,Fraud prevention,Positive pay works
AP-135,Accounts Payable,Check Processing,Check Reconciliation,Reconcile cleared checks,High,High,Not Started,AP-120,7,,Not Started,Not Started,Yes,Bank reconciliation,Reconciliation works
AP-140,Accounts Payable,Electronic Payments,ACH File Generation,Generate ACH payment file,Critical,High,Not Started,AP-121,8,,Not Started,Not Started,Yes,Electronic payment,ACH file works
AP-141,Accounts Payable,Electronic Payments,Wire Instructions,Generate wire transfer instructions,High,Medium,Not Started,AP-122,6,,Not Started,Not Started,Yes,Wire processing,Instructions generated
AP-142,Accounts Payable,Electronic Payments,Payment File Formats,Support multiple payment formats,High,High,Not Started,AP-140,8,,Not Started,Not Started,Yes,Format flexibility,Formats supported
AP-143,Accounts Payable,Electronic Payments,Payment Transmission,Transmit payment files to bank,High,High,Not Started,AP-140,7,,Not Started,Not Started,Yes,Payment execution,Transmission works
AP-144,Accounts Payable,Electronic Payments,Payment Status Tracking,Track payment status and settlement,High,Medium,Not Started,AP-143,6,,Not Started,Not Started,Yes,Payment visibility,Tracking works
AP-150,Accounts Payable,Payment Approval,Payment Batch Approval,Approve payment batches,High,High,Not Started,AP-110 UR-170,7,,Not Started,Not Started,Yes,Payment control,Approval works
AP-151,Accounts Payable,Payment Approval,Dual Approval,Require two approvals for large payments,Medium,Medium,Not Started,AP-150,5,,Not Started,Not Started,Yes,High-value control,Dual approval works
AP-152,Accounts Payable,Payment Approval,Wire Approval,Special approval for wire transfers,High,Medium,Not Started,AP-122,5,,Not Started,Not Started,Yes,Wire control,Wire approval works
AP-160,Accounts Payable,Payment Accounting,Payment GL Posting,Post payments to GL,Critical,High,Not Started,AP-110 GL-180,8,,Not Started,Not Started,Yes,GL integration,Payment posting works
AP-161,Accounts Payable,Payment Accounting,Payment Clearing,Payment clearing account processing,High,Medium,Not Started,AP-160,5,,Not Started,Not Started,Yes,Cash accounting,Clearing works
AP-162,Accounts Payable,Payment Accounting,FX Gain/Loss,Foreign exchange gain/loss on payment,High,High,Not Started,AP-124,7,,Not Started,Not Started,Yes,Multi-currency accounting,FX accounting works
AP-163,Accounts Payable,Payment Accounting,Discount Accounting,Account for discounts taken,High,Medium,Not Started,AP-041,5,,Not Started,Not Started,Yes,Discount tracking,Discount accounting works
AP-164,Accounts Payable,Payment Accounting,Payment Reversal,Reverse payments and accounting,High,High,Not Started,AP-160,7,,Not Started,Not Started,Yes,Error correction,Reversal works
AP-170,Accounts Payable,Expense Reports,Expense Report Entry,Employee expense report creation,High,High,Not Started,UR-001,8,,Not Started,Not Started,Yes,Employee reimbursement,Expense entry works
AP-171,Accounts Payable,Expense Reports,Expense Categories,Categorize expenses (Travel Meals Lodging),High,Medium,Not Started,AP-170,5,,Not Started,Not Started,Yes,Expense classification,Categories work
AP-172,Accounts Payable,Expense Reports,Receipt Attachments,Attach receipts to expense lines,High,Medium,Not Started,AP-170,5,,Not Started,Not Started,Yes,Supporting docs,Attachments work
AP-173,Accounts Payable,Expense Reports,Expense Policies,Enforce expense policy rules,High,High,Not Started,AP-170,8,,Not Started,Not Started,Yes,Policy compliance,Policies enforced
AP-174,Accounts Payable,Expense Reports,Mileage Calculation,Calculate mileage reimbursement,Medium,Low,Not Started,AP-170,4,,Not Started,Not Started,Yes,Auto calculation,Mileage calc works
AP-175,Accounts Payable,Expense Reports,Per Diem Calculation,Calculate per diem allowances,Medium,Medium,Not Started,AP-170,5,,Not Started,Not Started,Yes,Policy automation,Per diem works
AP-176,Accounts Payable,Expense Reports,Expense Approval,Multi-level expense approval workflow,High,High,Not Started,AP-170 UR-170,8,,Not Started,Not Started,Yes,Approval control,Workflow works
AP-177,Accounts Payable,Expense Reports,Expense Reimbursement,Reimburse employees for expenses,High,High,Not Started,AP-176,7,,Not Started,Not Started,Yes,Payment processing,Reimbursement works
AP-180,Accounts Payable,Credit Memos,Credit Memo Entry,Enter supplier credit memos,High,Medium,Not Started,AP-050,6,,Not Started,Not Started,Yes,Credit processing,Credit entry works
AP-181,Accounts Payable,Credit Memos,Credit Application,Apply credits to invoices or balance,High,High,Not Started,AP-180,7,,Not Started,Not Started,Yes,Credit management,Application works
AP-182,Accounts Payable,Credit Memos,Credit Refund,Process refunds for credits,Medium,Medium,Not Started,AP-180,6,,Not Started,Not Started,Yes,Refund processing,Refunds work
AP-183,Accounts Payable,Credit Memos,Credit Matching,Match credits to original invoices,Medium,Medium,Not Started,AP-180,5,,Not Started,Not Started,Yes,Credit tracking,Matching works
AP-190,Accounts Payable,Debit Memos,Debit Memo Creation,Create debit memos to suppliers,Medium,Medium,Not Started,AP-050,6,,Not Started,Not Started,Yes,Supplier charges,Debit creation works
AP-191,Accounts Payable,Debit Memos,Debit Reason Codes,Categorize debit reasons,Medium,Low,Not Started,AP-190,3,,Not Started,Not Started,Yes,Debit classification,Codes work
AP-192,Accounts Payable,Debit Memos,Debit Application,Apply debits to supplier balance,Medium,Medium,Not Started,AP-190,5,,Not Started,Not Started,Yes,Balance adjustment,Application works
AP-200,Accounts Payable,Tax Management,Tax Code Setup,Define tax codes and rates,High,Medium,Not Started,,5,,Not Started,Not Started,Yes,Tax compliance,Tax codes configured
AP-201,Accounts Payable,Tax Management,Tax Calculation,Automatic tax calculation on invoices,High,High,Not Started,AP-200,7,,Not Started,Not Started,Yes,Tax automation,Calculation works
AP-202,Accounts Payable,Tax Management,VAT Processing,Value Added Tax processing,High,High,Not Started,AP-200,8,,Not Started,Not Started,Yes,VAT compliance,VAT works
AP-203,Accounts Payable,Tax Management,Tax Exemptions,Handle tax-exempt transactions,Medium,Medium,Not Started,AP-200,5,,Not Started,Not Started,Yes,Exemption processing,Exemptions work
AP-204,Accounts Payable,Tax Management,Reverse Charge VAT,Self-assessed reverse charge VAT,Medium,High,Not Started,AP-202,7,,Not Started,Not Started,Yes,VAT compliance,Reverse charge works
AP-205,Accounts Payable,Tax Management,Tax Reporting,Tax liability and compliance reports,High,High,Not Started,AP-200,8,,Not Started,Not Started,Yes,Tax reporting,Reports functional
AP-210,Accounts Payable,Withholding Tax,WHT Setup,Configure withholding tax codes and rates,High,Medium,Not Started,AP-200,6,,Not Started,Not Started,Yes,WHT compliance,WHT configured
AP-211,Accounts Payable,Withholding Tax,WHT Calculation,Calculate withholding tax on payments,High,High,Not Started,AP-210,7,,Not Started,Not Started,Yes,WHT automation,Calculation works
AP-212,Accounts Payable,Withholding Tax,WHT Certificates,Generate withholding tax certificates,Medium,Medium,Not Started,AP-211,6,,Not Started,Not Started,Yes,Supplier certificates,Certificates generated
AP-213,Accounts Payable,Withholding Tax,WHT Reporting,Withholding tax reports and filing,High,High,Not Started,AP-211,7,,Not Started,Not Started,Yes,Tax compliance,WHT reporting works
AP-220,Accounts Payable,Bank Accounts,Company Bank Setup,Maintain company bank accounts,High,Medium,Not Started,,5,,Not Started,Not Started,Yes,Payment processing,Bank accounts setup
AP-221,Accounts Payable,Bank Accounts,Multi-Currency Accounts,Support multi-currency bank accounts,Medium,Medium,Not Started,AP-220,5,,Not Started,Not Started,Yes,Global operations,Multi-currency accounts work
AP-222,Accounts Payable,Bank Accounts,Bank Account Assignment,Assign bank accounts by entity currency method,High,Medium,Not Started,AP-220,5,,Not Started,Not Started,Yes,Payment routing,Assignment works
AP-230,Accounts Payable,Period Close,AP Period Close,Month-end close procedures for AP,Critical,High,Not Started,AP-050,8,,Not Started,Not Started,Yes,Financial close,Close process works
AP-231,Accounts Payable,Period Close,Uninvoiced Receipts Accrual,Accrue for goods received not invoiced,Critical,High,Not Started,AP-230,8,,Not Started,Not Started,Yes,Accrual accounting,Accrual works
AP-232,Accounts Payable,Period Close,Period Accruals,Period-end accrual processing,High,High,Not Started,AP-230,7,,Not Started,Not Started,Yes,Accurate financials,Accruals work
AP-233,Accounts Payable,Period Close,AP to GL Reconciliation,Reconcile AP subledger to GL,Critical,High,Not Started,AP-230 GL-180,8,,Not Started,Not Started,Yes,Data integrity,Reconciliation works
AP-234,Accounts Payable,Period Close,Supplier Statement Reconciliation,Reconcile to supplier statements,High,Medium,Not Started,AP-230,6,,Not Started,Not Started,Yes,Accuracy verification,Statement recon works
AP-240,Accounts Payable,1099 Processing,1099 Setup,Configure 1099 reporting (US),Medium,Medium,Not Started,AP-006,6,,Not Started,Not Started,Yes,Tax compliance,1099 setup complete
AP-241,Accounts Payable,1099 Processing,1099 Eligible Tracking,Track 1099 eligible suppliers and amounts,Medium,Medium,Not Started,AP-240,5,,Not Started,Not Started,Yes,1099 accumulation,Tracking works
AP-242,Accounts Payable,1099 Processing,W-9 Collection,Collect and maintain W-9 forms,Medium,Low,Not Started,AP-240,4,,Not Started,Not Started,Yes,Tax documentation,W-9 management works
AP-243,Accounts Payable,1099 Processing,1099 Form Generation,Generate 1099 forms year-end,Medium,High,Not Started,AP-241,8,,Not Started,Not Started,Yes,Tax reporting,Forms generated
AP-244,Accounts Payable,1099 Processing,1099 Electronic Filing,Electronic filing of 1099s,Medium,High,Not Started,AP-243,7,,Not Started,Not Started,Yes,Compliance efficiency,E-filing works
AP-250,Accounts Payable,Recurring Invoices,Recurring Setup,Setup recurring invoice templates,Medium,Medium,Not Started,AP-050,6,,Not Started,Not Started,Yes,Automation,Templates created
AP-251,Accounts Payable,Recurring Invoices,Recurring Schedule,Define recurring invoice schedule,Medium,Low,Not Started,AP-250,4,,Not Started,Not Started,Yes,Automated processing,Schedule works
AP-252,Accounts Payable,Recurring Invoices,Automatic Generation,Auto-generate recurring invoices,Medium,High,Not Started,AP-250,7,,Not Started,Not Started,Yes,Automation,Generation works
AP-253,Accounts Payable,Recurring Invoices,Variance Handling,Handle amount variances in recurring,Medium,Medium,Not Started,AP-252,5,,Not Started,Not Started,Yes,Exception handling,Variance handling works
AP-260,Accounts Payable,Prepayments,Prepayment Creation,Create prepayment invoices,Medium,Medium,Not Started,AP-050,6,,Not Started,Not Started,Yes,Advance payments,Prepayments created
AP-261,Accounts Payable,Prepayments,Prepayment Application,Apply prepayments to final invoices,Medium,High,Not Started,AP-260,7,,Not Started,Not Started,Yes,Payment offset,Application works
AP-262,Accounts Payable,Prepayments,Prepayment Tracking,Track unapplied prepayments,Medium,Medium,Not Started,AP-260,5,,Not Started,Not Started,Yes,Prepayment visibility,Tracking works
AP-263,Accounts Payable,Prepayments,Prepayment Refund,Process prepayment refunds,Medium,Medium,Not Started,AP-260,5,,Not Started,Not Started,Yes,Refund processing,Refunds work
AP-270,Accounts Payable,Reporting,Aging Report,AP aging by supplier (Current 30 60 90),Critical,Medium,Not Started,AP-050,6,,Not Started,Not Started,Yes,AP visibility,Aging report works
AP-271,Accounts Payable,Reporting,Invoice Register,Detailed invoice listing report,High,Low,Not Started,AP-050,4,,Not Started,Not Started,Yes,Transaction detail,Register works
AP-272,Accounts Payable,Reporting,Payment Register,Detailed payment listing report,High,Low,Not Started,AP-110,4,,Not Started,Not Started,Yes,Payment detail,Register works
AP-273,Accounts Payable,Reporting,Unmatched Invoices,Report invoices pending PO match,High,Medium,Not Started,AP-080,5,,Not Started,Not Started,Yes,Exception management,Report works
AP-274,Accounts Payable,Reporting,On-Hold Invoices,Report invoices on hold,High,Medium,Not Started,AP-090,5,,Not Started,Not Started,Yes,Hold management,Report works
AP-275,Accounts Payable,Reporting,Discount Available,Report available payment discounts,High,Medium,Not Started,AP-041,5,,Not Started,Not Started,Yes,Discount optimization,Report works
AP-276,Accounts Payable,Reporting,Discount Taken/Lost,Report discounts captured and missed,High,Medium,Not Started,AP-041,6,,Not Started,Not Started,Yes,Performance tracking,Report works
AP-277,Accounts Payable,Reporting,Uninvoiced Receipts,Report goods received not invoiced,High,Medium,Not Started,AP-231,6,,Not Started,Not Started,Yes,Accrual visibility,Report works
AP-278,Accounts Payable,Reporting,Supplier Balance,Current balance by supplier,High,Low,Not Started,AP-050,4,,Not Started,Not Started,Yes,Balance inquiry,Report works
AP-280,Accounts Payable,Analytics,Spend Analysis,Analyze spend by supplier category,Medium,High,Not Started,AP-050,8,,Not Started,Not Started,Yes,Spend visibility,Analysis works
AP-281,Accounts Payable,Analytics,DPO Calculation,Days Payable Outstanding metric,Medium,Medium,Not Started,AP-050,5,,Not Started,Not Started,Yes,Performance metric,DPO calculated
AP-282,Accounts Payable,Analytics,Payment Performance,Analyze payment timing and trends,Medium,High,Not Started,AP-110,7,,Not Started,Not Started,Yes,Payment analysis,Analysis works
AP-283,Accounts Payable,Analytics,Supplier Performance,Track supplier metrics and ratings,Medium,High,Not Started,AP-001,7,,Not Started,Not Started,Yes,Supplier management,Tracking works
AP-284,Accounts Payable,Analytics,Cash Flow Forecast,Forecast AP cash requirements,Medium,High,Not Started,AP-050,8,,Not Started,Not Started,Yes,Cash planning,Forecast works
AP-290,Accounts Payable,Supplier Portal,Portal Access,Supplier self-service portal,Medium,High,Not Started,AP-001,9,,Not Started,Not Started,Yes,Supplier self-service,Portal functional
AP-291,Accounts Payable,Supplier Portal,Invoice Submission,Suppliers submit invoices online,Medium,High,Not Started,AP-290,8,,Not Started,Not Started,Yes,Invoice automation,Submission works
AP-292,Accounts Payable,Supplier Portal,Status Inquiry,Suppliers view invoice and payment status,Medium,Medium,Not Started,AP-290,6,,Not Started,Not Started,Yes,Supplier visibility,Inquiry works
AP-293,Accounts Payable,Supplier Portal,Remittance Download,Suppliers download remittance advice,Medium,Low,Not Started,AP-290,4,,Not Started,Not Started,Yes,Payment detail,Download works
AP-294,Accounts Payable,Supplier Portal,Banking Update,Suppliers update bank information,Medium,Medium,Not Started,AP-290,6,,Not Started,Not Started,Yes,Data maintenance,Update works
AP-300,Accounts Payable,Integration,GL Integration,Post AP transactions to GL,Critical,High,Not Started,GL-200,9,,Not Started,Not Started,Yes,Financial integration,GL posting works
AP-301,Accounts Payable,Integration,PO Integration,Integrate with Purchase Order system,Critical,High,Not Started,AP-080,9,,Not Started,Not Started,Yes,PO matching,PO integration works
AP-302,Accounts Payable,Integration,Receipt Integration,Integrate with inventory receipts,High,High,Not Started,AP-081,8,,Not Started,Not Started,Yes,3-way matching,Receipt integration works
AP-303,Accounts Payable,Integration,Asset Integration,Create assets from invoices,Medium,High,Not Started,AP-050,8,,Not Started,Not Started,Yes,Asset capitalization,Asset integration works
AP-304,Accounts Payable,Integration,Project Integration,Charge invoices to projects,Medium,High,Not Started,AP-053,7,,Not Started,Not Started,Yes,Project costing,Project integration works
AP-310,Accounts Payable,Advanced Features,Duplicate Detection,AI-powered duplicate invoice detection,Medium,High,Not Started,AP-070,8,,Not Started,Not Started,Yes,Fraud prevention,Detection works
AP-311,Accounts Payable,Advanced Features,OCR Processing,Optical character recognition for invoices,Medium,High,Not Started,AP-063,9,,Not Started,Not Started,Yes,Automation,OCR works
AP-312,Accounts Payable,Advanced Features,Dynamic Discounting,Early payment discount optimization,Medium,High,Not Started,AP-041,8,,Not Started,Not Started,Yes,Working capital,Discounting works
AP-313,Accounts Payable,Advanced Features,Payment Optimization,Optimize payment timing and cash,Medium,High,Not Started,AP-110,9,,Not Started,Not Started,Yes,Cash management,Optimization works
AP-320,Accounts Payable,Security,AP Roles,Predefined AP roles (Manager Clerk Processor),Critical,Medium,Not Started,UR-025,5,,Not Started,Not Started,Yes,Access control,Roles configured
AP-321,Accounts Payable,Security,Approval Limits,Invoice and payment approval limits,High,Medium,Not Started,UR-534,5,,Not Started,Not Started,Yes,Authorization control,Limits enforced
AP-322,Accounts Payable,Security,Data Security,Business unit and supplier data access,High,High,Not Started,UR-040,7,,Not Started,Not Started,Yes,Data isolation,Security enforced
AP-323,Accounts Payable,Security,Audit Trail,Complete AP activity audit trail,Critical,Medium,Not Started,UR-140,6,,Not Started,Not Started,Yes,Compliance,Audit trail complete
AP-330,Accounts Payable,Technical,Performance,Support high-volume invoice processing,Critical,High,Not Started,,8,,Not Started,Not Started,Yes,Scalability,Performance requirements met
AP-331,Accounts Payable,Technical,Batch Processing,Batch invoice and payment processing,High,High,Not Started,,7,,Not Started,Not Started,Yes,Efficiency,Batch processing works
AP-332,Accounts Payable,Technical,API Integration,REST APIs for AP operations,High,High,Not Started,,9,,Not Started,Not Started,Yes,System integration,APIs functional
AP-340,Accounts Payable,Compliance,SOX Compliance,SOX controls for AP,High,High,Not Started,UR-271,7,,Not Started,Not Started,Yes,Regulatory compliance,SOX compliant
AP-341,Accounts Payable,Compliance,Segregation of Duties,SOD for AP functions,High,High,Not Started,UR-160,7,,Not Started,Not Started,Yes,Internal controls,SOD enforced
AP-342,Accounts Payable,Compliance,Tax Compliance,Tax reporting and compliance,High,High,Not Started,AP-205,8,,Not Started,Not Started,Yes,Tax requirements,Compliance met
AR-001,Accounts Receivable,Customer Management,Customer Registration,Create and maintain customer master records,Critical,Medium,Not Started,UR-001,5,,Not Started,Not Started,Yes,Foundation for AR,Customers can be created
AR-002,Accounts Receivable,Customer Management,Customer Number Assignment,Manual or auto-generated customer numbers,High,Low,Not Started,AR-001,2,,Not Started,Not Started,Yes,Unique customer ID,Number assignment works
AR-003,Accounts Receivable,Customer Management,Customer Types,Support different customer types (Individual Corp Govt),Medium,Low,Not Started,AR-001,3,,Not Started,Not Started,Yes,Customer categorization,Types can be assigned
AR-004,Accounts Receivable,Customer Management,Customer Classification,Key Strategic Standard classifications,Medium,Low,Not Started,AR-001,3,,Not Started,Not Started,Yes,Customer segmentation,Classifications work
AR-005,Accounts Receivable,Customer Management,Customer Status,Active Inactive On Hold status management,High,Medium,Not Started,AR-001,4,,Not Started,Not Started,Yes,Customer lifecycle,Status changes enforced
AR-006,Accounts Receivable,Customer Management,Tax ID Management,Tax identification number tracking,Critical,Low,Not Started,AR-001,3,,Not Started,Not Started,Yes,Tax compliance,Tax IDs captured
AR-007,Accounts Receivable,Customer Management,Parent-Child Customers,Hierarchical customer relationships,Medium,Medium,Not Started,AR-001,5,,Not Started,Not Started,Yes,Customer groups,Hierarchy functional
AR-008,Accounts Receivable,Customer Management,Customer Merge,Merge duplicate customer records,Medium,High,Not Started,AR-001,7,,Not Started,Not Started,Yes,Data cleanup,Merge capability works
AR-010,Accounts Receivable,Customer Sites,Customer Site Management,Multiple sites/locations per customer,Critical,Medium,Not Started,AR-001,5,,Not Started,Not Started,Yes,Multi-location customers,Sites can be created
AR-011,Accounts Receivable,Customer Sites,Site Types,Bill-To Ship-To Both site types,High,Low,Not Started,AR-010,2,,Not Started,Not Started,Yes,Site categorization,Site types supported
AR-012,Accounts Receivable,Customer Sites,Site Addresses,Billing and shipping addresses,High,Low,Not Started,AR-010,3,,Not Started,Not Started,Yes,Multiple address types,Addresses maintained
AR-013,Accounts Receivable,Customer Sites,Primary Site,Designate primary site per customer,Medium,Low,Not Started,AR-010,2,,Not Started,Not Started,Yes,Default site,Primary site set
AR-014,Accounts Receivable,Customer Sites,Site Payment Terms,Site-specific payment terms,High,Medium,Not Started,AR-010,4,,Not Started,Not Started,Yes,Flexible terms,Site terms work
AR-015,Accounts Receivable,Customer Sites,Site Credit Limits,Site-level credit limits,High,Medium,Not Started,AR-010,4,,Not Started,Not Started,Yes,Credit control,Site limits work
AR-020,Accounts Receivable,Customer Contacts,Contact Management,Maintain customer contact information,High,Low,Not Started,AR-001,3,,Not Started,Not Started,Yes,Communication,Contacts can be added
AR-021,Accounts Receivable,Customer Contacts,Contact Roles,Billing AR Primary Sales contact roles,Medium,Low,Not Started,AR-020,2,,Not Started,Not Started,Yes,Role assignment,Roles functional
AR-022,Accounts Receivable,Customer Contacts,Email Delivery,Email invoices and statements to contacts,High,Medium,Not Started,AR-020,4,,Not Started,Not Started,Yes,Electronic delivery,Email delivery works
AR-030,Accounts Receivable,Customer Banking,Bank Account Setup,Maintain customer bank account information,Medium,Medium,Not Started,AR-001,5,,Not Started,Not Started,Yes,Direct debit,Bank accounts created
AR-031,Accounts Receivable,Customer Banking,Direct Debit Authorization,Authorize automatic collections,Medium,Medium,Not Started,AR-030,5,,Not Started,Not Started,Yes,Auto-collections,Authorization works
AR-032,Accounts Receivable,Customer Banking,Auto-Payment Setup,Configure automatic payment,Medium,High,Not Started,AR-031,6,,Not Started,Not Started,Yes,Payment automation,Auto-payment works
AR-040,Accounts Receivable,Payment Terms,Payment Terms Setup,Define standard payment terms,Critical,Low,Not Started,,3,,Not Started,Not Started,Yes,Payment scheduling,Terms configured
AR-041,Accounts Receivable,Payment Terms,Discount Terms,Early payment discount terms,High,Medium,Not Started,AR-040,4,,Not Started,Not Started,Yes,Discount offering,Discount calculation works
AR-042,Accounts Receivable,Payment Terms,Due Date Calculation,Automatic due date calculation,Critical,Medium,Not Started,AR-040,4,,Not Started,Not Started,Yes,Payment scheduling,Due dates calculated
AR-050,Accounts Receivable,Invoice Management,Manual Invoice Entry,User entry of customer invoices,Critical,High,Not Started,AR-001,8,,Not Started,Not Started,Yes,Core AR functionality,Manual entry works
AR-051,Accounts Receivable,Invoice Management,Invoice Header,Invoice number date type amount tax,Critical,Medium,Not Started,AR-050,5,,Not Started,Not Started,Yes,Invoice identification,Header fields captured
AR-052,Accounts Receivable,Invoice Management,Invoice Lines,Multiple line items per invoice,Critical,High,Not Started,AR-050,7,,Not Started,Not Started,Yes,Line detail,Lines can be entered
AR-053,Accounts Receivable,Invoice Management,Invoice Distributions,GL account distributions for revenue,Critical,High,Not Started,AR-052 GL-040,7,,Not Started,Not Started,Yes,GL accounting,Distributions work
AR-054,Accounts Receivable,Invoice Management,Multi-Currency Invoices,Foreign currency invoice entry,High,High,Not Started,AR-050 GL-091,7,,Not Started,Not Started,Yes,Global operations,Multi-currency works
AR-055,Accounts Receivable,Invoice Management,Invoice Attachments,Attach supporting documents,Medium,Medium,Not Started,AR-050,5,,Not Started,Not Started,Yes,Supporting docs,Attachments functional
AR-056,Accounts Receivable,Invoice Management,Invoice Templates,Reusable invoice templates,Medium,Medium,Not Started,AR-050,5,,Not Started,Not Started,Yes,Efficient entry,Templates work
AR-060,Accounts Receivable,Invoice Creation,Auto-Invoice from Orders,Generate invoices from sales orders,Critical,High,Not Started,AR-050,9,,Not Started,Not Started,Yes,Order integration,Auto-invoice works
AR-061,Accounts Receivable,Invoice Creation,Recurring Invoices,Template-based recurring billing,High,High,Not Started,AR-050,8,,Not Started,Not Started,Yes,Subscription billing,Recurring works
AR-062,Accounts Receivable,Invoice Creation,Contract Billing,Milestone and time-based billing,Medium,High,Not Started,AR-050,9,,Not Started,Not Started,Yes,Project billing,Contract billing works
AR-063,Accounts Receivable,Invoice Creation,Import Invoices,Import invoices from file,Medium,High,Not Started,AR-050,7,,Not Started,Not Started,Yes,Bulk processing,Import functional
AR-070,Accounts Receivable,Invoice Printing,Invoice Template Configuration,Configure invoice templates,High,Medium,Not Started,AR-050,6,,Not Started,Not Started,Yes,Professional invoices,Templates configured
AR-071,Accounts Receivable,Invoice Printing,Print Invoices,Print individual or batch invoices,High,Medium,Not Started,AR-070,5,,Not Started,Not Started,Yes,Invoice delivery,Printing works
AR-072,Accounts Receivable,Invoice Printing,Email Invoices,Email invoice delivery to customers,Critical,Medium,Not Started,AR-070,6,,Not Started,Not Started,Yes,Electronic delivery,Email delivery works
AR-073,Accounts Receivable,Invoice Printing,PDF Generation,Generate PDF invoices,High,Low,Not Started,AR-070,4,,Not Started,Not Started,Yes,Standard format,PDF generation works
AR-074,Accounts Receivable,Invoice Printing,Multi-Language Invoices,Support multiple languages,Medium,Medium,Not Started,AR-070,6,,Not Started,Not Started,Yes,Global operations,Languages supported
AR-080,Accounts Receivable,Invoice Approval,Approval Workflow,Multi-level invoice approval,High,High,Not Started,AR-050 UR-170,8,,Not Started,Not Started,Yes,Invoice control,Approval workflow works
AR-081,Accounts Receivable,Invoice Approval,Amount-Based Routing,Route by invoice amount thresholds,Medium,Medium,Not Started,AR-080,5,,Not Started,Not Started,Yes,Approval efficiency,Routing works
AR-090,Accounts Receivable,Invoice Holds,Credit Hold,Hold invoices for credit limit breach,Critical,High,Not Started,AR-050,7,,Not Started,Not Started,Yes,Credit control,Credit holds work
AR-091,Accounts Receivable,Invoice Holds,Manual Hold,User-placed holds on invoices,High,Medium,Not Started,AR-050,5,,Not Started,Not Started,Yes,Invoice control,Manual holds work
AR-092,Accounts Receivable,Invoice Holds,Collections Hold,Hold for delinquent accounts,High,Medium,Not Started,AR-050,5,,Not Started,Not Started,Yes,Collections control,Collections holds work
AR-093,Accounts Receivable,Invoice Holds,Hold Release,Release holds when conditions met,High,Medium,Not Started,AR-090,6,,Not Started,Not Started,Yes,Invoice processing,Release functional
AR-100,Accounts Receivable,Receipt Processing,Manual Receipt Entry,User entry of customer payments,Critical,High,Not Started,AR-001,8,,Not Started,Not Started,Yes,Cash collection,Receipt entry works
AR-101,Accounts Receivable,Receipt Processing,Receipt Methods,Cash Check ACH Wire Credit Card,Critical,Low,Not Started,AR-100,4,,Not Started,Not Started,Yes,Payment types,Methods supported
AR-102,Accounts Receivable,Receipt Processing,Multi-Currency Receipts,Foreign currency receipt processing,High,High,Not Started,AR-100 GL-091,7,,Not Started,Not Started,Yes,Global operations,Multi-currency works
AR-103,Accounts Receivable,Receipt Processing,Receipt Accounting,GL posting for receipts,Critical,High,Not Started,AR-100 GL-180,8,,Not Started,Not Started,Yes,GL integration,Receipt posting works
AR-110,Accounts Receivable,Receipt Application,Manual Application,User applies receipts to invoices,Critical,High,Not Started,AR-100,8,,Not Started,Not Started,Yes,Cash application,Manual application works
AR-111,Accounts Receivable,Receipt Application,AutoCash,Automatic receipt matching and application,High,High,Not Started,AR-100,9,,Not Started,Not Started,Yes,Automation,AutoCash works
AR-112,Accounts Receivable,Receipt Application,Apply to Oldest,Apply receipts to oldest invoices first,High,Low,Not Started,AR-110,4,,Not Started,Not Started,Yes,FIFO application,Oldest first works
AR-113,Accounts Receivable,Receipt Application,Apply Discount,Apply early payment discounts,High,Medium,Not Started,AR-110,5,,Not Started,Not Started,Yes,Discount capture,Discount application works
AR-114,Accounts Receivable,Receipt Application,Overpayment Handling,Handle overpayments (On-Account Refund),High,Medium,Not Started,AR-110,6,,Not Started,Not Started,Yes,Overpayment processing,Handling works
AR-115,Accounts Receivable,Receipt Application,Partial Application,Apply partial payments,High,Low,Not Started,AR-110,4,,Not Started,Not Started,Yes,Payment flexibility,Partial application works
AR-116,Accounts Receivable,Receipt Application,Cross-Currency Application,Apply foreign currency receipts,Medium,High,Not Started,AR-102,7,,Not Started,Not Started,Yes,Multi-currency,Cross-currency works
AR-120,Accounts Receivable,Unidentified Receipts,On-Account Receipts,Handle unidentified receipts,High,Medium,Not Started,AR-100,6,,Not Started,Not Started,Yes,Receipt processing,On-account works
AR-121,Accounts Receivable,Unidentified Receipts,Receipt Research,Research and identify receipts,Medium,Low,Not Started,AR-120,4,,Not Started,Not Started,Yes,Receipt identification,Research functional
AR-122,Accounts Receivable,Unidentified Receipts,Reclassification,Reclassify to identified customer,Medium,Medium,Not Started,AR-120,5,,Not Started,Not Started,Yes,Correction capability,Reclassification works
AR-130,Accounts Receivable,Receipt Reversals,Reverse Receipts,Reverse unapplied or applied receipts,High,High,Not Started,AR-100,7,,Not Started,Not Started,Yes,Error correction,Reversal works
AR-131,Accounts Receivable,Receipt Reversals,NSF Processing,Handle non-sufficient funds,High,Medium,Not Started,AR-130,6,,Not Started,Not Started,Yes,NSF handling,NSF processing works
AR-132,Accounts Receivable,Receipt Reversals,Reinstate Invoices,Reinstate invoice balances on reversal,High,Medium,Not Started,AR-130,5,,Not Started,Not Started,Yes,Balance restoration,Reinstatement works
AR-140,Accounts Receivable,Credit Management,Credit Limit Setup,Define customer credit limits,Critical,Medium,Not Started,AR-001,6,,Not Started,Not Started,Yes,Credit control,Limits configured
AR-141,Accounts Receivable,Credit Management,Credit Checking,Real-time credit check before transactions,Critical,High,Not Started,AR-140,8,,Not Started,Not Started,Yes,Credit enforcement,Checking works
AR-142,Accounts Receivable,Credit Management,Credit Exposure Calculation,Calculate total credit exposure,Critical,High,Not Started,AR-141,7,,Not Started,Not Started,Yes,Accurate exposure,Calculation works
AR-143,Accounts Receivable,Credit Management,Credit Hold Override,Override credit holds with authority,High,Medium,Not Started,AR-141,5,,Not Started,Not Started,Yes,Exception handling,Override works
AR-144,Accounts Receivable,Credit Management,Credit Review,Periodic credit reviews and approvals,High,High,Not Started,AR-140,7,,Not Started,Not Started,Yes,Credit management,Review process works
AR-145,Accounts Receivable,Credit Management,Risk Rating,Assign risk ratings to customers,Medium,Medium,Not Started,AR-001,5,,Not Started,Not Started,Yes,Risk management,Ratings assigned
AR-150,Accounts Receivable,Collections,Collections Strategy,Define collections strategies,High,High,Not Started,AR-001,8,,Not Started,Not Started,Yes,Collections framework,Strategy defined
AR-151,Accounts Receivable,Collections,Collector Assignment,Assign customers to collectors,High,Medium,Not Started,AR-150,6,,Not Started,Not Started,Yes,Workload distribution,Assignment works
AR-152,Accounts Receivable,Collections,Collections Activities,Log and track collections activities,High,High,Not Started,AR-150,8,,Not Started,Not Started,Yes,Activity tracking,Logging works
AR-153,Accounts Receivable,Collections,Promise to Pay,Track customer payment promises,High,Medium,Not Started,AR-152,6,,Not Started,Not Started,Yes,Commitment tracking,Promise tracking works
AR-154,Accounts Receivable,Collections,Dispute Tracking,Track and resolve customer disputes,High,High,Not Started,AR-152,7,,Not Started,Not Started,Yes,Dispute resolution,Tracking works
AR-155,Accounts Receivable,Collections,Collections Dashboard,Collections workbench and KPIs,Medium,High,Not Started,AR-150,8,,Not Started,Not Started,Yes,Collections visibility,Dashboard functional
AR-156,Accounts Receivable,Collections,Payment Plans,Setup installment payment plans,Medium,High,Not Started,AR-001,7,,Not Started,Not Started,Yes,Payment flexibility,Plans work
AR-160,Accounts Receivable,Adjustments,Account Adjustments,Adjust customer account balances,High,Medium,Not Started,AR-001,6,,Not Started,Not Started,Yes,Balance corrections,Adjustments work
AR-161,Accounts Receivable,Adjustments,Adjustment Reasons,Categorize adjustment reasons,Medium,Low,Not Started,AR-160,3,,Not Started,Not Started,Yes,Adjustment classification,Reasons captured
AR-162,Accounts Receivable,Adjustments,Adjustment Approval,Workflow for adjustment approvals,High,High,Not Started,AR-160 UR-170,7,,Not Started,Not Started,Yes,Controlled adjustments,Approval works
AR-170,Accounts Receivable,Write-offs,Write-off Creation,Write off uncollectible balances,High,Medium,Not Started,AR-001,6,,Not Started,Not Started,Yes,Bad debt management,Write-offs work
AR-171,Accounts Receivable,Write-offs,Write-off Approval,Approval workflow for write-offs,High,High,Not Started,AR-170 UR-170,7,,Not Started,Not Started,Yes,Authorization control,Approval works
AR-172,Accounts Receivable,Write-offs,Small Balance Write-off,Automatic write-off of small balances,Medium,Medium,Not Started,AR-170,5,,Not Started,Not Started,Yes,Efficiency,Auto write-off works
AR-173,Accounts Receivable,Write-offs,Write-off Recovery,Recover previously written-off amounts,Medium,Medium,Not Started,AR-170,6,,Not Started,Not Started,Yes,Recovery tracking,Recovery works
AR-180,Accounts Receivable,Credit Memos,Credit Memo Creation,Issue credits to customers,Critical,High,Not Started,AR-050,8,,Not Started,Not Started,Yes,Credit processing,Credit memos created
AR-181,Accounts Receivable,Credit Memos,Credit Application,Apply credits to invoices or balance,High,High,Not Started,AR-180,7,,Not Started,Not Started,Yes,Credit management,Application works
AR-182,Accounts Receivable,Credit Memos,Credit Refund,Process refunds for credits,High,High,Not Started,AR-180,7,,Not Started,Not Started,Yes,Refund processing,Refunds work
AR-183,Accounts Receivable,Credit Memos,Return Management,Link credits to return authorizations,Medium,Medium,Not Started,AR-180,6,,Not Started,Not Started,Yes,Return processing,RMA integration works
AR-190,Accounts Receivable,Debit Memos,Debit Memo Creation,Issue additional charges to customers,Medium,Medium,Not Started,AR-050,6,,Not Started,Not Started,Yes,Additional billing,Debit memos created
AR-191,Accounts Receivable,Debit Memos,Debit Reason Codes,Categorize debit reasons,Medium,Low,Not Started,AR-190,3,,Not Started,Not Started,Yes,Debit classification,Codes work
AR-200,Accounts Receivable,Refunds,Refund Processing,Process refunds to customers,High,High,Not Started,AR-001,8,,Not Started,Not Started,Yes,Refund management,Refund processing works
AR-201,Accounts Receivable,Refunds,Refund Approval,Approval workflow for refunds,High,High,Not Started,AR-200 UR-170,7,,Not Started,Not Started,Yes,Authorization control,Approval works
AR-202,Accounts Receivable,Refunds,Refund Payment,Generate refund checks or transfers,High,Medium,Not Started,AR-200,6,,Not Started,Not Started,Yes,Payment execution,Refund payment works
AR-210,Accounts Receivable,Aging Analysis,AR Aging Report,Age receivables by due date,Critical,Medium,Not Started,AR-050,6,,Not Started,Not Started,Yes,Collections tool,Aging report works
AR-211,Accounts Receivable,Aging Analysis,Aging Buckets,Current 30 60 90 120+ day buckets,High,Low,Not Started,AR-210,3,,Not Started,Not Started,Yes,Standard aging,Buckets configured
AR-212,Accounts Receivable,Aging Analysis,Forward Aging,Future-dated aging analysis,Medium,Medium,Not Started,AR-210,5,,Not Started,Not Started,Yes,Cash forecasting,Forward aging works
AR-213,Accounts Receivable,Aging Analysis,Historical Snapshots,Store historical aging snapshots,Medium,Medium,Not Started,AR-210,6,,Not Started,Not Started,Yes,Trend analysis,Snapshots stored
AR-220,Accounts Receivable,DSO Analysis,DSO Calculation,Calculate Days Sales Outstanding,High,Medium,Not Started,AR-050,6,,Not Started,Not Started,Yes,Performance metric,DSO calculated
AR-221,Accounts Receivable,DSO Analysis,DSO Trending,Track DSO trends over time,Medium,Medium,Not Started,AR-220,5,,Not Started,Not Started,Yes,Performance tracking,Trending works
AR-222,Accounts Receivable,DSO Analysis,DSO by Segment,Calculate DSO by customer segment,Medium,Medium,Not Started,AR-220,6,,Not Started,Not Started,Yes,Segment analysis,Segmentation works
AR-230,Accounts Receivable,Dunning,Dunning Configuration,Setup dunning levels and templates,High,Medium,Not Started,AR-001,6,,Not Started,Not Started,Yes,Collections automation,Dunning configured
AR-231,Accounts Receivable,Dunning,Dunning Execution,Generate and send dunning letters,High,High,Not Started,AR-230,7,,Not Started,Not Started,Yes,Automated dunning,Execution works
AR-232,Accounts Receivable,Dunning,Dunning Email Delivery,Email dunning letters to customers,High,Medium,Not Started,AR-231,5,,Not Started,Not Started,Yes,Electronic delivery,Email delivery works
AR-240,Accounts Receivable,Customer Statements,Statement Generation,Generate customer statements,High,Medium,Not Started,AR-001,6,,Not Started,Not Started,Yes,Customer communication,Statements generated
AR-241,Accounts Receivable,Customer Statements,Statement Types,Open Item Balance Forward Consolidated,Medium,Medium,Not Started,AR-240,5,,Not Started,Not Started,Yes,Statement options,Types supported
AR-242,Accounts Receivable,Customer Statements,Statement Delivery,Email or print delivery,High,Medium,Not Started,AR-240,5,,Not Started,Not Started,Yes,Statement distribution,Delivery works
AR-250,Accounts Receivable,Tax Management,Tax Code Setup,Define tax codes and rates,High,Medium,Not Started,,5,,Not Started,Not Started,Yes,Tax compliance,Tax codes configured
AR-251,Accounts Receivable,Tax Management,Tax Calculation,Automatic tax calculation on invoices,High,High,Not Started,AR-250,7,,Not Started,Not Started,Yes,Tax automation,Calculation works
AR-252,Accounts Receivable,Tax Management,Tax Exemptions,Handle tax-exempt customers,Medium,Medium,Not Started,AR-250,5,,Not Started,Not Started,Yes,Exemption processing,Exemptions work
AR-253,Accounts Receivable,Tax Management,Tax Reporting,Sales tax liability reports,High,High,Not Started,AR-250,7,,Not Started,Not Started,Yes,Tax compliance,Reporting works
AR-260,Accounts Receivable,Revenue Recognition,Revenue Recognition Rules,Configure ASC 606 IFRS 15 rules,High,High,Not Started,AR-050,9,,Not Started,Not Started,Yes,Revenue compliance,Rules configured
AR-261,Accounts Receivable,Revenue Recognition,Deferred Revenue,Calculate and track deferred revenue,High,High,Not Started,AR-260,8,,Not Started,Not Started,Yes,Revenue deferral,Deferral works
AR-262,Accounts Receivable,Revenue Recognition,Revenue Recognition Processing,Automatic revenue recognition,High,High,Not Started,AR-260,8,,Not Started,Not Started,Yes,Automation,Processing works
AR-263,Accounts Receivable,Revenue Recognition,Contract Management,Manage revenue contracts,Medium,High,Not Started,AR-260,9,,Not Started,Not Started,Yes,Contract tracking,Management works
AR-270,Accounts Receivable,Lockbox,Lockbox Setup,Configure bank lockbox processing,Medium,High,Not Started,AR-100,8,,Not Started,Not Started,Yes,Automated receipts,Lockbox configured
AR-271,Accounts Receivable,Lockbox,Lockbox Import,Import and process lockbox files,Medium,High,Not Started,AR-270,8,,Not Started,Not Started,Yes,File processing,Import works
AR-272,Accounts Receivable,Lockbox,Lockbox Matching,Match lockbox receipts to invoices,Medium,High,Not Started,AR-271,8,,Not Started,Not Started,Yes,Auto-application,Matching works
AR-280,Accounts Receivable,Period Close,AR Period Close,Month-end close procedures for AR,Critical,High,Not Started,AR-050,8,,Not Started,Not Started,Yes,Financial close,Close process works
AR-281,Accounts Receivable,Period Close,Revenue Cutoff,Enforce revenue cutoff dates,Critical,Medium,Not Started,AR-280,6,,Not Started,Not Started,Yes,Accurate financials,Cutoff enforced
AR-282,Accounts Receivable,Period Close,AR to GL Reconciliation,Reconcile AR subledger to GL,Critical,High,Not Started,AR-280 GL-180,8,,Not Started,Not Started,Yes,Data integrity,Reconciliation works
AR-283,Accounts Receivable,Period Close,Deferred Revenue Calculation,Calculate period-end deferred revenue,High,High,Not Started,AR-280,7,,Not Started,Not Started,Yes,Revenue accuracy,Calculation works
AR-290,Accounts Receivable,Reporting,Invoice Register,Detailed invoice listing report,High,Low,Not Started,AR-050,4,,Not Started,Not Started,Yes,Transaction detail,Register works
AR-291,Accounts Receivable,Reporting,Receipt Register,Detailed receipt listing report,High,Low,Not Started,AR-100,4,,Not Started,Not Started,Yes,Cash detail,Register works
AR-292,Accounts Receivable,Reporting,Customer Balance Report,Current balance by customer,High,Low,Not Started,AR-001,4,,Not Started,Not Started,Yes,Balance inquiry,Report works
AR-293,Accounts Receivable,Reporting,Collections Activity Report,Collections activities and outcomes,High,Medium,Not Started,AR-152,5,,Not Started,Not Started,Yes,Activity tracking,Report works
AR-294,Accounts Receivable,Reporting,Revenue Report,Revenue by customer product period,High,Medium,Not Started,AR-050,6,,Not Started,Not Started,Yes,Revenue analysis,Report works
AR-300,Accounts Receivable,Analytics,Revenue Analytics,Analyze revenue trends and patterns,Medium,High,Not Started,AR-050,8,,Not Started,Not Started,Yes,Business intelligence,Analytics work
AR-301,Accounts Receivable,Analytics,Customer Profitability,Analyze customer profitability,Medium,High,Not Started,AR-001,8,,Not Started,Not Started,Yes,Profitability analysis,Analysis works
AR-302,Accounts Receivable,Analytics,Collections Effectiveness,Measure collections performance,Medium,High,Not Started,AR-150,7,,Not Started,Not Started,Yes,Performance metrics,Measurement works
AR-303,Accounts Receivable,Analytics,Cash Forecast,Forecast cash collections,Medium,High,Not Started,AR-210,8,,Not Started,Not Started,Yes,Cash planning,Forecast works
AR-310,Accounts Receivable,Customer Portal,Portal Access,Customer self-service portal,Medium,High,Not Started,AR-001,9,,Not Started,Not Started,Yes,Customer self-service,Portal functional
AR-311,Accounts Receivable,Customer Portal,Invoice Inquiry,Customers view invoice status,Medium,Medium,Not Started,AR-310,6,,Not Started,Not Started,Yes,Customer visibility,Inquiry works
AR-312,Accounts Receivable,Customer Portal,Online Payment,Process online customer payments,High,High,Not Started,AR-310,9,,Not Started,Not Started,Yes,Payment convenience,Online payment works
AR-313,Accounts Receivable,Customer Portal,Statement Download,Customers download statements,Medium,Low,Not Started,AR-310,4,,Not Started,Not Started,Yes,Self-service,Download works
AR-320,Accounts Receivable,Integration,GL Integration,Post AR transactions to GL,Critical,High,Not Started,GL-200,9,,Not Started,Not Started,Yes,Financial integration,GL posting works
AR-321,Accounts Receivable,Integration,Order Management Integration,Integrate with sales orders,Critical,High,Not Started,AR-060,9,,Not Started,Not Started,Yes,Order to cash,OM integration works
AR-322,Accounts Receivable,Integration,Cash Management Integration,Integrate with cash management,High,High,Not Started,AR-100,8,,Not Started,Not Started,Yes,Cash visibility,CM integration works
AR-330,Accounts Receivable,Advanced Features,Credit Card Processing,Process credit card payments,High,High,Not Started,AR-100,9,,Not Started,Not Started,Yes,Payment option,CC processing works
AR-331,Accounts Receivable,Advanced Features,Electronic Invoicing,EDI and XML invoice delivery,Medium,High,Not Started,AR-050,8,,Not Started,Not Started,Yes,Automation,E-invoicing works
AR-332,Accounts Receivable,Advanced Features,Predictive Collections,AI-powered collections prioritization,Low,High,Not Started,AR-150,10,,Not Started,Not Started,No,Advanced analytics,Prediction works
AR-340,Accounts Receivable,Security,AR Roles,Predefined AR roles (Manager Clerk Collector),Critical,Medium,Not Started,UR-025,5,,Not Started,Not Started,Yes,Access control,Roles configured
AR-341,Accounts Receivable,Security,Approval Limits,Invoice adjustment write-off approval limits,High,Medium,Not Started,UR-534,5,,Not Started,Not Started,Yes,Authorization control,Limits enforced
AR-342,Accounts Receivable,Security,Data Security,Business unit and customer data access,High,High,Not Started,UR-040,7,,Not Started,Not Started,Yes,Data isolation,Security enforced
AR-343,Accounts Receivable,Security,Audit Trail,Complete AR activity audit trail,Critical,Medium,Not Started,UR-140,6,,Not Started,Not Started,Yes,Compliance,Audit trail complete
AR-350,Accounts Receivable,Technical,Performance,Support high-volume invoice processing,Critical,High,Not Started,,8,,Not Started,Not Started,Yes,Scalability,Performance requirements met
AR-351,Accounts Receivable,Technical,API Integration,REST APIs for AR operations,High,High,Not Started,,9,,Not Started,Not Started,Yes,System integration,APIs functional
AR-360,Accounts Receivable,Compliance,Revenue Recognition Compliance,ASC 606 IFRS 15 compliance,High,High,Not Started,AR-260,8,,Not Started,Not Started,Yes,Revenue standards,Compliance met
AR-361,Accounts Receivable,Compliance,SOX Compliance,SOX controls for AR,High,High,Not Started,UR-271,7,,Not Started,Not Started,Yes,Regulatory compliance,SOX compliant
AR-362,Accounts Receivable,Compliance,Tax Compliance,Sales tax reporting and compliance,High,High,Not Started,AR-253,8,,Not Started,Not Started,Yes,Tax requirements,Compliance met
CM-001,Cost Management,Organization Setup,Cost Organization,Define cost organizations aligned with inventory organizations,Critical,Medium,Not Started,INV-001,5,,,Yes,,Setup cost organization with costing parameters
CM-002,Cost Management,Organization Setup,Cost Book Setup,Define multiple cost books for parallel costing scenarios,High,Medium,Not Started,CM-001,4,,,Yes,,Create primary and secondary cost books
CM-010,Cost Management,Costing Methods,Standard Costing,Support standard costing with predetermined costs,Critical,High,Not Started,CM-001,10,,,Yes,,Implement standard costing with variance tracking
CM-011,Cost Management,Costing Methods,Average Costing,Maintain perpetual weighted average costs,Critical,High,Not Started,CM-001,9,,,Yes,,Calculate and update average costs on receipts
CM-012,Cost Management,Costing Methods,FIFO Costing,Support First-In-First-Out costing methodology,High,High,Not Started,CM-001,10,,,Yes,,Implement FIFO cost layer management
CM-013,Cost Management,Costing Methods,LIFO Costing,Support Last-In-First-Out costing methodology,Medium,High,Not Started,CM-001,10,,,Yes,,Implement LIFO cost layer management
CM-014,Cost Management,Costing Methods,Actual Costing,Support actual cost capture and allocation,High,High,Not Started,CM-001,9,,,Yes,,Capture and allocate actual costs
CM-020,Cost Management,Cost Elements,Element Definition,Define cost element structures and categories,Critical,Medium,Not Started,CM-001,5,,,Yes,,Define standard cost elements (Material Labor Overhead)
CM-021,Cost Management,Cost Elements,Component Classes,Group cost elements into component classes,High,Medium,Not Started,CM-020,4,,,Yes,,Create cost component class hierarchies
CM-030,Cost Management,Overhead,Rate Setup,Define and maintain overhead rates,Critical,High,Not Started,CM-020,8,,,Yes,,Create overhead rate structures with effective dates
CM-031,Cost Management,Overhead,Overhead Allocation,Allocate overhead costs to products,Critical,High,Not Started,CM-030,10,,,Yes,,Process overhead allocations with multiple methods
CM-032,Cost Management,Overhead,Activity-Based Costing,Support ABC methodology for overhead allocation,High,High,Not Started,CM-030,12,,,No,,Implement ABC with cost drivers and activity pools
CM-040,Cost Management,Cost Processing,Cost Accounting Cycle,Process cost transactions through accounting cycle,Critical,High,Not Started,CM-020,10,,,Yes,,Process receipts issues and calculate COGS
CM-041,Cost Management,Cost Processing,Transaction Processor,Automated processor for cost distributions,Critical,High,Not Started,CM-040,12,,,Yes,,Create automated cost transaction processor
CM-042,Cost Management,Cost Processing,Inventory Valuation,Calculate inventory valuation for financial reporting,Critical,High,Not Started,INV-001,9,,,Yes,,Generate inventory valuation by costing method
CM-050,Cost Management,Cost Updates,Standard Cost Updates,Process standard cost updates with simulation,Critical,High,Not Started,CM-010,10,,,Yes,,Simulate approve and implement cost updates
CM-051,Cost Management,Cost Updates,Cost Rollup,Calculate rolled-up costs for assemblies,Critical,High,Not Started,CM-020,11,,,Yes,,Roll up component costs through BOM structure
CM-052,Cost Management,Cost Updates,Mass Cost Updates,Perform mass cost updates by criteria,High,Medium,Not Started,CM-050,7,,,Yes,,Update costs in batch with preview and validation
CM-060,Cost Management,Variance Analysis,Purchase Price Variance,Calculate and analyze PPV,Critical,Medium,Not Started,PO-001,7,,,Yes,,Calculate PPV on receipt transactions
CM-061,Cost Management,Variance Analysis,Material Usage Variance,Track material consumption variances,High,Medium,Not Started,CM-010,6,,,Yes,,Calculate usage variance against standards
CM-062,Cost Management,Variance Analysis,Cost Variance Reporting,Comprehensive variance reporting,Critical,Medium,Not Started,CM-060,8,,,Yes,,Generate variance reports across all types
CM-070,Cost Management,WIP Costing,WIP Valuation,Calculate work in process valuation,High,High,Not Started,CM-040,9,,,Yes,,Value WIP by job with material labor overhead
CM-071,Cost Management,WIP Costing,Job Costing,Track costs by individual jobs,High,High,Not Started,CM-070,10,,,Yes,,Create job cost sheets with actual tracking
CM-080,Cost Management,Reporting,Standard Cost Reports,Generate comprehensive cost reports,Critical,Medium,Not Started,CM-040,8,,,Yes,,Generate item cost COGS WIP and variance reports
CM-081,Cost Management,Reporting,Cost Analytics,Provide real-time cost analytics and dashboards,High,Medium,Not Started,CM-080,9,,,No,,Create interactive cost dashboards with KPIs
CM-090,Cost Management,Integration,Inventory Integration,Integration with Inventory module,Critical,High,Not Started,INV-001,10,,,Yes,,Real-time cost updates from inventory transactions
CM-091,Cost Management,Integration,Purchasing Integration,Integration with Purchasing module,Critical,High,Not Started,PO-001,9,,,Yes,,Capture receipt costs and calculate PPV
CM-092,Cost Management,Integration,GL Integration,Post cost distributions to General Ledger,Critical,High,Not Started,GL-001,11,,,Yes,,Create and post cost accounting journals to GL
CM-093,Cost Management,Integration,Order Management Integration,Provide costs for profitability analysis,High,Medium,Not Started,OM-001,7,,,Yes,,Supply cost data for margin and pricing
CM-100,Cost Management,Period Close,Period Management,Manage cost accounting periods,Critical,Medium,Not Started,GL-100,6,,,Yes,,Open close and control cost periods
CM-101,Cost Management,Period Close,Close Checklist,Systematic period close checklist,Critical,Medium,Not Started,CM-100,7,,,Yes,,Complete all cost activities before period close
CM-110,Cost Management,Security,Cost Security,Implement security controls for cost data,Critical,Medium,Not Started,UR-001,6,,,Yes,,Role-based access with segregation of duties
CM-111,Cost Management,Security,Audit Trail,Maintain comprehensive cost audit trail,Critical,Medium,Not Started,CM-110,5,,,Yes,,Log all cost changes with user and timestamp
CM-015,Cost Management,Costing Methods,Costing Method Assignment,Assign costing methods to items and organizations,Critical,Medium,Not Started,CM-010,5,,,Yes,,Configure costing method by item or category
CM-022,Cost Management,Cost Elements,Element Mapping,Map cost elements to GL accounts,Critical,Medium,Not Started,CM-020,5,,,Yes,,Create GL account mapping for each cost element
CM-033,Cost Management,Overhead,Overhead Pools,Define overhead cost pools,High,Medium,Not Started,CM-030,6,,,Yes,,Create and maintain overhead pools by department
CM-034,Cost Management,Overhead,Cost Drivers,Define and track cost drivers for ABC,High,High,Not Started,CM-032,7,,,No,,Identify and capture cost driver data
CM-043,Cost Management,Cost Processing,COGS Calculation,Calculate cost of goods sold,Critical,High,Not Started,CM-040,8,,,Yes,,Calculate COGS on inventory issues and sales
CM-044,Cost Management,Cost Processing,Cost Adjustments,Process cost adjustments and corrections,High,Medium,Not Started,CM-040,6,,,Yes,,Support retroactive cost adjustments
CM-053,Cost Management,Cost Updates,Cost Simulation,Simulate cost changes before implementation,High,Medium,Not Started,CM-050,7,,,Yes,,What-if analysis for cost updates
CM-054,Cost Management,Cost Updates,Cost Approval Workflow,Approval workflow for cost changes,Critical,Medium,Not Started,CM-050,6,,,Yes,,Multi-level approval for cost updates
CM-063,Cost Management,Variance Analysis,Labor Variance,Track labor rate and efficiency variances,High,Medium,Not Started,CM-010,6,,,Yes,,Calculate labor variances for manufacturing
CM-064,Cost Management,Variance Analysis,Overhead Variance,Track overhead spending and volume variances,High,Medium,Not Started,CM-031,7,,,Yes,,Calculate overhead variances by type
CM-065,Cost Management,Variance Analysis,Variance Thresholds,Set variance alert thresholds,Medium,Low,Not Started,CM-062,3,,,Yes,,Configure variance tolerance limits
CM-072,Cost Management,WIP Costing,WIP Transfers,Transfer costs from WIP to finished goods,High,Medium,Not Started,CM-070,6,,,Yes,,Move costs from WIP to FG on completion
CM-073,Cost Management,WIP Costing,Scrap Costing,Account for scrap and waste costs,High,Medium,Not Started,CM-070,5,,,Yes,,Track and allocate scrap costs
CM-082,Cost Management,Reporting,Cost Comparison Reports,Compare costs across periods and organizations,High,Medium,Not Started,CM-080,6,,,Yes,,Multi-period and multi-org cost comparison
CM-083,Cost Management,Reporting,Profitability Analysis,Analyze profitability by product and customer,High,Medium,Not Started,CM-080,7,,,No,,Calculate and report product profitability
CM-094,Cost Management,Integration,Multi-Org Cost Transfer,Handle interorg transfer costing,High,High,Not Started,INV-140,8,,,Yes,,Cost goods transferred between organizations
CM-095,Cost Management,Integration,External Cost Interface,Interface with external cost systems,Medium,High,Not Started,CM-092,9,,,Yes,,Import/export costs from external systems
CM-102,Cost Management,Period Close,Period Reconciliation,Reconcile cost subledger to GL,Critical,Medium,Not Started,CM-101,7,,,Yes,,Ensure cost entries match GL balances
CM-103,Cost Management,Period Close,Period Rollback,Rollback and reopen closed periods,Medium,Medium,Not Started,CM-100,5,,,Yes,,Reopen periods with proper authorization
CM-112,Cost Management,Security,Cost Data Encryption,Encrypt sensitive cost data,High,Medium,Not Started,CM-110,4,,,Yes,,Protect confidential cost information
CM-016,Cost Management,Costing Methods,Lot Cost Tracking,Track costs by lot number,High,High,Not Started,INV-080,8,,,Yes,,Maintain separate costs for each lot
CM-017,Cost Management,Costing Methods,Serial Cost Tracking,Track costs by serial number,Medium,High,Not Started,INV-090,8,,,Yes,,Maintain costs at serial number level
CM-023,Cost Management,Cost Elements,Custom Cost Elements,Support custom cost element definition,Medium,Medium,Not Started,CM-020,5,,,Yes,,Allow user-defined cost elements
CM-035,Cost Management,Overhead,Burden Rates,Calculate and apply burden rates,High,Medium,Not Started,CM-030,6,,,Yes,,Apply burden to direct costs
CM-045,Cost Management,Cost Processing,Negative Cost Prevention,Prevent and handle negative costs,High,Medium,Not Started,CM-041,5,,,Yes,,Validate costs and prevent negative values
CM-046,Cost Management,Cost Processing,Cost Reprocessing,Reprocess cost transactions,Medium,Medium,Not Started,CM-041,6,,,Yes,,Correct and reprocess failed transactions
CM-055,Cost Management,Cost Updates,Assembly Cost Updates,Update costs for assemblies and sub-assemblies,High,Medium,Not Started,CM-051,7,,,Yes,,Cascade cost changes through BOM
CM-066,Cost Management,Variance Analysis,Variance Comments,Add comments and notes to variances,Medium,Low,Not Started,CM-062,3,,,Yes,,Document variance causes and actions
CM-074,Cost Management,WIP Costing,WIP by Department,Track WIP costs by department or work center,Medium,Medium,Not Started,CM-070,6,,,Yes,,Department-level WIP tracking
CM-084,Cost Management,Reporting,Make vs Buy Analysis,Cost analysis for make versus buy decisions,High,Medium,Not Started,CM-080,6,,,No,,Compare internal production vs purchase costs
CM-085,Cost Management,Reporting,Cost Reduction Reports,Identify cost reduction opportunities,High,Medium,Not Started,CM-080,6,,,No,,Analyze and report cost saving opportunities
CM-096,Cost Management,Integration,Manufacturing Integration,Integration with Manufacturing/Production module,High,High,Not Started,CM-070,10,,,Yes,,Capture production costs and WIP
CM-104,Cost Management,Period Close,Year-End Close,Special year-end cost closing procedures,High,Medium,Not Started,CM-101,8,,,Yes,,Complete annual cost closing activities
CM-113,Cost Management,Security,Cost Access by BU,Control cost access by business unit,Critical,Medium,Not Started,UR-041,5,,,Yes,,Restrict cost data by user's BU access
CM-018,Cost Management,Costing Methods,Consignment Costing,Handle consignment inventory costing,Medium,High,Not Started,PO-220,7,,,Yes,,Cost consigned inventory appropriately
CM-036,Cost Management,Overhead,Overhead Recovery,Track overhead recovery and absorption,High,Medium,Not Started,CM-031,6,,,Yes,,Calculate over/under absorbed overhead
CM-047,Cost Management,Cost Processing,Intercompany Costing,Handle intercompany cost transfers,High,High,Not Started,GL-140,9,,,Yes,,Cost intercompany transactions properly
CM-056,Cost Management,Cost Updates,Global Cost Inflation,Apply global inflation factors to costs,Medium,Medium,Not Started,CM-052,5,,,Yes,,Mass update for inflation adjustments
CM-067,Cost Management,Variance Analysis,Variance Approval,Approve and close variance accounts,High,Medium,Not Started,CM-062,5,,,Yes,,Workflow to review and approve variances
CM-075,Cost Management,WIP Costing,Project Costing,Cost tracking for projects,Medium,High,Not Started,CM-071,10,,,No,,Track costs by project with phases
CM-086,Cost Management,Reporting,Cost Forecasting,Forecast future costs based on trends,Medium,High,Not Started,CM-081,8,,,No,,Predictive cost modeling and forecasting
CM-087,Cost Management,Reporting,Margin Analysis,Analyze margins by product customer channel,High,Medium,Not Started,CM-083,7,,,No,,Calculate and report margins with costs
CM-097,Cost Management,Integration,EDI Cost Updates,Support EDI for cost data exchange,Low,High,Not Started,CM-095,8,,,Yes,,Electronic cost data exchange
CM-105,Cost Management,Period Close,Soft Close,Perform soft close for preliminary reporting,Medium,Medium,Not Started,CM-100,4,,,Yes,,Soft close allowing adjustments
CM-114,Cost Management,Security,Cost Report Security,Secure cost reports by role,High,Medium,Not Started,CM-110,4,,,Yes,,Control report access by user role
CM-037,Cost Management,Overhead,Overhead Budgets,Define overhead budgets for variance analysis,Medium,Medium,Not Started,GL-180,5,,,Yes,,Create overhead budgets by period
CM-048,Cost Management,Cost Processing,Prior Period Adjustments,Handle prior period cost adjustments,High,Medium,Not Started,CM-044,6,,,Yes,,Post adjustments to prior periods
CM-057,Cost Management,Cost Updates,Cost History Archive,Archive historical cost data,Medium,Low,Not Started,CM-050,4,,,Yes,,Maintain cost history for reporting
CM-068,Cost Management,Variance Analysis,Variance Investigation,Tools for variance root cause analysis,Medium,Medium,Not Started,CM-062,6,,,No,,Drill-down analysis of variances
CM-076,Cost Management,WIP Costing,Rework Costing,Cost rework and repair activities,Medium,Medium,Not Started,CM-073,5,,,Yes,,Track costs of rework separately
CM-088,Cost Management,Reporting,Cost Trend Analysis,Analyze cost trends over time,High,Medium,Not Started,CM-082,6,,,No,,Trend analysis with graphical reporting
CM-098,Cost Management,Integration,API for Cost Data,REST API for cost data access,Medium,High,Not Started,CM-095,9,,,Yes,,Expose cost data via secure API
CM-106,Cost Management,Period Close,Close Validation,Validate period close completion,High,Medium,Not Started,CM-101,5,,,Yes,,Automated validation of close checklist
CM-115,Cost Management,Security,SOX Compliance,Ensure SOX compliance for cost processes,Critical,Medium,Not Started,GL-280,6,,,Yes,,SOX controls for cost accounting
CM-038,Cost Management,Overhead,Variable vs Fixed Overhead,Separate variable and fixed overhead,Medium,Medium,Not Started,CM-030,5,,,Yes,,Track and allocate fixed vs variable costs
CM-058,Cost Management,Cost Updates,What-If Costing,What-if scenarios for cost planning,Medium,Medium,Not Started,CM-053,7,,,Yes,,Model different cost scenarios
CM-069,Cost Management,Variance Analysis,Rolling Variance Reports,Rolling 12-month variance analysis,Medium,Low,Not Started,CM-062,4,,,Yes,,Continuous variance tracking
CM-089,Cost Management,Reporting,Cost Benchmarking,Benchmark costs against standards,Medium,Medium,Not Started,CM-088,6,,,No,,Compare costs to industry benchmarks
CM-107,Cost Management,Period Close,Close Checklist Automation,Automate period close checklist steps,High,High,Not Started,CM-101,10,,,Yes,,Automated execution of close tasks
CM-116,Cost Management,Security,Multi-Level Cost Approval,Multi-level approval for cost transactions,High,Medium,Not Started,UR-060,6,,,Yes,,Tiered approval based on cost amount
CM-019,Cost Management,Costing Methods,Transfer Pricing,Support transfer pricing between entities,Medium,High,Not Started,CM-002,8,,,Yes,,Calculate transfer prices for intercompany
CM-049,Cost Management,Cost Processing,Cost Exception Handling,Handle cost processing exceptions,High,Medium,Not Started,CM-041,6,,,Yes,,Queue and resolve cost errors
CM-077,Cost Management,WIP Costing,By-Product Costing,Cost allocation for by-products,Low,Medium,Not Started,CM-070,5,,,Yes,,Allocate costs to by-products
CM-099,Cost Management,Integration,Budget Integration,Integration with budgeting systems,Medium,Medium,Not Started,GL-180,6,,,Yes,,Compare actual costs to budget
CM-108,Cost Management,Period Close,Close Notifications,Automated notifications for period close,Medium,Low,Not Started,CM-101,3,,,Yes,,Alert users of close status and tasks
CM-117,Cost Management,Security,Cost Data Masking,Mask sensitive cost data for non-privileged users,Medium,Medium,Not Started,CM-112,5,,,Yes,,Hide detailed costs from unauthorized users
CM-059,Cost Management,Cost Updates,Cost Import Tool,Import costs from external files,Medium,Medium,Not Started,CM-095,6,,,Yes,,Bulk import of item costs from Excel/CSV
CM-078,Cost Management,WIP Costing,Joint Product Costing,Allocate costs to joint products,Low,High,Not Started,CM-077,7,,,Yes,,Cost allocation for joint production
CM-090,Cost Management,Reporting,Cost Visualization,Graphical cost data visualization,Medium,Medium,Not Started,CM-081,6,,,No,,Charts and graphs for cost analysis
CM-109,Cost Management,Period Close,Close Performance Metrics,Track period close performance,Medium,Low,Not Started,CM-100,3,,,Yes,,Measure close cycle time and efficiency
CM-118,Cost Management,Security,Cost Segregation of Duties,Enforce segregation of duties,Critical,Medium,Not Started,UR-001,5,,,Yes,,Separate cost entry and approval roles
CSH-001,Cash Management,Bank Setup,Bank Master,Maintain master data for banks,Critical,Medium,Not Started,None,5,,,Yes,,Create bank records with routing and SWIFT codes
CSH-002,Cash Management,Bank Setup,Bank Accounts,Set up and maintain bank accounts,Critical,High,Not Started,CSH-001,8,,,Yes,,Define accounts with GL mapping and controls
CSH-003,Cash Management,Bank Setup,Account Security,Security controls for bank accounts,Critical,High,Not Started,UR-001,7,,,Yes,,Role-based access with maker-checker workflow
CSH-010,Cash Management,Cash Receipts,Receipt Entry,Record cash receipts from customers,Critical,High,Not Started,AR-001,9,,,Yes,,Capture receipts and link to AR invoices
CSH-011,Cash Management,Cash Receipts,Lockbox Processing,Process electronic lockbox files,High,High,Not Started,CSH-010,10,,,Yes,,Import and auto-match lockbox transactions
CSH-012,Cash Management,Cash Receipts,Credit Card Processing,Process credit card receipts,High,High,Not Started,CSH-010,11,,,Yes,,Integrate with payment gateways PCI compliant
CSH-020,Cash Management,Disbursements,Payment Processing,Process payments to suppliers,Critical,High,Not Started,AP-001,10,,,Yes,,Create payment batches and execute by method
CSH-021,Cash Management,Disbursements,Check Management,Print and track checks,High,Medium,Not Started,CSH-020,7,,,Yes,,Print checks assign numbers and track status
CSH-022,Cash Management,Disbursements,Electronic Payments,Generate ACH and wire payment files,Critical,High,Not Started,CSH-020,10,,,Yes,,Create NACHA and ISO 20022 payment files
CSH-030,Cash Management,Reconciliation,Statement Import,Import electronic bank statements,Critical,High,Not Started,CSH-002,9,,,Yes,,Import BAI2 MT940 and other formats
CSH-031,Cash Management,Reconciliation,Auto Reconciliation,Automatically match transactions,Critical,High,Not Started,CSH-030,12,,,Yes,,Match statement to system transactions
CSH-032,Cash Management,Reconciliation,Manual Reconciliation,Manually reconcile unmatched items,Critical,Medium,Not Started,CSH-031,7,,,Yes,,Resolve exceptions and create adjustments
CSH-040,Cash Management,Cash Position,Position Reporting,Real-time cash position visibility,Critical,High,Not Started,CSH-002,8,,,Yes,,Display balances by account bank currency
CSH-041,Cash Management,Cash Position,Cash Concentration,Concentrate cash to central accounts,High,High,Not Started,CSH-040,9,,,Yes,,Automate sweeps with target balances
CSH-042,Cash Management,Cash Position,Investment Management,Manage short-term investments,Medium,High,Not Started,CSH-041,10,,,No,,Track investments and performance
CSH-050,Cash Management,Forecasting,Cash Flow Forecast,Forecast cash inflows and outflows,High,High,Not Started,AR-001,11,,,No,,Generate forecasts from AR AP payroll
CSH-051,Cash Management,Forecasting,Liquidity Analysis,Analyze liquidity and working capital,High,Medium,Not Started,CSH-050,8,,,No,,Calculate ratios and identify gaps
CSH-060,Cash Management,Bank Fees,Fee Capture,Capture and track bank fees,High,Medium,Not Started,CSH-030,6,,,Yes,,Import fees and post to GL by category
CSH-061,Cash Management,Bank Fees,Fee Analysis,Analyze and optimize bank fees,Medium,Medium,Not Started,CSH-060,6,,,Yes,,Compare fees and identify savings
CSH-070,Cash Management,Intercompany,Intercompany Transfers,Process intercompany cash transfers,High,High,Not Started,GL-140,9,,,Yes,,Transfer between entities with proper GL entries
CSH-071,Cash Management,Intercompany,Intercompany Netting,Net intercompany balances,Medium,High,Not Started,CSH-070,10,,,Yes,,Calculate net positions and settle
CSH-080,Cash Management,Fraud Prevention,Positive Pay,Generate positive pay files,High,Medium,Not Started,CSH-021,7,,,Yes,,Issue files and process exceptions
CSH-081,Cash Management,Fraud Prevention,Fraud Detection,Monitor for fraudulent activity,High,High,Not Started,CSH-010,9,,,No,,Flag suspicious transactions with rules
CSH-090,Cash Management,Multi-Currency,Foreign Currency Accounts,Manage multi-currency accounts,High,High,Not Started,GL-060,9,,,Yes,,Track balances and revalue monthly
CSH-091,Cash Management,Multi-Currency,FX Transactions,Process foreign exchange transactions,Medium,High,Not Started,CSH-090,10,,,Yes,,Execute FX spot and forward contracts
CSH-100,Cash Management,Treasury,Debt Management,Manage debt obligations,Medium,High,Not Started,CSH-002,10,,,Yes,,Track debt schedule payments monitor covenants
CSH-101,Cash Management,Treasury,Letter of Credit,Manage letters of credit,Medium,High,Not Started,CSH-002,9,,,Yes,,Request track and process LCs
CSH-110,Cash Management,Integration,AR Integration,Integrate with Accounts Receivable,Critical,High,Not Started,AR-001,10,,,Yes,,Import receipts and apply to invoices
CSH-111,Cash Management,Integration,AP Integration,Integrate with Accounts Payable,Critical,High,Not Started,AP-001,10,,,Yes,,Select invoices for payment and update balances
CSH-112,Cash Management,Integration,GL Integration,Post cash transactions to GL,Critical,High,Not Started,GL-001,10,,,Yes,,Post receipts disbursements and adjustments
CSH-113,Cash Management,Integration,Bank Integration,Electronic integration with banks,Critical,High,Not Started,CSH-030,12,,,Yes,,Download statements upload payments retrieve balances
CSH-120,Cash Management,Reporting,Cash Reports,Comprehensive cash reporting,Critical,Medium,Not Started,CSH-040,7,,,Yes,,Generate position reconciliation and forecast reports
CSH-121,Cash Management,Reporting,Treasury Dashboard,Real-time treasury dashboard,High,Medium,Not Started,CSH-120,8,,,No,,Display key metrics and cash positions
CSH-130,Cash Management,Security,Cash Security,Security controls for cash management,Critical,Medium,Not Started,UR-001,6,,,Yes,,Role-based access with transaction limits
CSH-131,Cash Management,Security,Audit Compliance,Audit trail and compliance,Critical,Medium,Not Started,CSH-130,5,,,Yes,,Log all transactions and support audits
CSH-004,Cash Management,Bank Setup,Bank Contacts,Manage bank contact information,Medium,Low,Not Started,CSH-001,3,,,Yes,,Track relationship managers and contacts
CSH-013,Cash Management,Cash Receipts,Receipt Reversal,Reverse cash receipts,High,Medium,Not Started,CSH-010,5,,,Yes,,Void receipts and reverse GL entries
CSH-023,Cash Management,Disbursements,Payment Reversal,Void and reissue payments,High,Medium,Not Started,CSH-020,6,,,Yes,,Handle payment errors and voids
CSH-033,Cash Management,Reconciliation,Reconciliation Approval,Approve bank reconciliations,High,Medium,Not Started,CSH-032,4,,,Yes,,Workflow to review and approve reconciliations
CSH-043,Cash Management,Cash Position,Zero Balance Accounts,Zero-balance account management,Medium,Medium,Not Started,CSH-041,6,,,Yes,,Automatically fund to zero daily
CSH-052,Cash Management,Forecasting,Scenario Analysis,Model cash flow scenarios,Medium,High,Not Started,CSH-050,8,,,No,,What-if analysis for forecasting
CSH-062,Cash Management,Bank Fees,Fee Allocation,Allocate bank fees to cost centers,Medium,Medium,Not Started,CSH-060,5,,,Yes,,Distribute fees based on usage
CSH-072,Cash Management,Intercompany,Intercompany Interest,Calculate interest on intercompany balances,Low,Medium,Not Started,CSH-070,6,,,Yes,,Charge interest per policy rates
CSH-082,Cash Management,Fraud Prevention,ACH Positive Pay,Positive pay for ACH transactions,Medium,Medium,Not Started,CSH-080,6,,,Yes,,Validate ACH debits before posting
CSH-092,Cash Management,Multi-Currency,Currency Hedging,Support currency hedging,Low,High,Not Started,CSH-091,9,,,No,,Track hedges and hedge accounting
CSH-102,Cash Management,Treasury,Credit Facilities,Manage credit facilities and lines,Medium,Medium,Not Started,CSH-100,7,,,Yes,,Track availability and borrowings
CSH-114,Cash Management,Integration,Payroll Integration,Integrate with Payroll for funding,High,High,Not Started,CSH-020,8,,,Yes,,Fund payroll accounts and reconcile
CSH-122,Cash Management,Reporting,Cash Flow Statement,Generate cash flow statement,High,Medium,Not Started,CSH-050,7,,,Yes,,Operating investing financing activities
CSH-005,Cash Management,Bank Setup,Bank Agreements,Store bank agreements and documents,Low,Low,Not Started,CSH-001,3,,,Yes,,Attach and manage bank documents
CSH-014,Cash Management,Cash Receipts,Unapplied Cash,Manage unapplied cash receipts,High,Medium,Not Started,CSH-010,5,,,Yes,,Track and apply unapplied receipts
CSH-024,Cash Management,Disbursements,Payment Status Tracking,Track payment status lifecycle,High,Medium,Not Started,CSH-020,5,,,Yes,,Monitor from creation to clearing
CSH-034,Cash Management,Reconciliation,Reconciliation History,Maintain reconciliation history,Medium,Low,Not Started,CSH-032,3,,,Yes,,Archive reconciliations for audit
CSH-044,Cash Management,Cash Position,Intraday Positions,Monitor intraday cash positions,Medium,Medium,Not Started,CSH-040,6,,,Yes,,Real-time balance updates
CSH-053,Cash Management,Forecasting,Forecast Accuracy,Measure forecast accuracy,Medium,Medium,Not Started,CSH-050,5,,,No,,Compare forecast to actual and analyze variance
CSH-063,Cash Management,Bank Fees,Compensating Balances,Track compensating balance requirements,Low,Medium,Not Started,CSH-002,4,,,Yes,,Monitor balances for fee offsets
CSH-073,Cash Management,Intercompany,Intercompany Reconciliation,Reconcile intercompany cash accounts,High,Medium,Not Started,CSH-070,6,,,Yes,,Match receivables and payables
CSH-083,Cash Management,Fraud Prevention,Reverse Positive Pay,Reverse positive pay processing,Medium,Medium,Not Started,CSH-080,6,,,Yes,,Bank sends checks for approval
CSH-093,Cash Management,Multi-Currency,Revaluation,Revalue foreign currency accounts,High,High,Not Started,CSH-090,8,,,Yes,,Monthly revaluation with gains/losses
CSH-103,Cash Management,Treasury,Debt Covenants,Monitor debt covenant compliance,Medium,Medium,Not Started,CSH-100,5,,,Yes,,Track ratios and alert on violations
CSH-115,Cash Management,Integration,SWIFT Integration,SWIFT network integration,Low,High,Not Started,CSH-113,10,,,Yes,,Send receive SWIFT messages
CSH-123,Cash Management,Reporting,Liquidity Reports,Generate liquidity analysis reports,High,Medium,Not Started,CSH-051,6,,,Yes,,Days cash working capital ratios
CSH-006,Cash Management,Bank Setup,Bank Holidays,Define bank holiday calendars,Medium,Low,Not Started,CSH-001,3,,,Yes,,Prevent transactions on bank holidays
CSH-015,Cash Management,Cash Receipts,On-Account Receipts,Process on-account customer receipts,High,Medium,Not Started,CSH-010,5,,,Yes,,Receipts without invoice application
CSH-025,Cash Management,Disbursements,Payment Approval Workflow,Multi-level payment approvals,Critical,Medium,Not Started,UR-060,6,,,Yes,,Route for approval based on amount
CSH-035,Cash Management,Reconciliation,Outstanding Items Report,Report on outstanding reconciliation items,Medium,Low,Not Started,CSH-032,3,,,Yes,,List uncleared checks and deposits
CSH-045,Cash Management,Cash Position,Cash Pooling,Notional or physical cash pooling,Low,High,Not Started,CSH-041,10,,,No,,Pool balances across accounts
CSH-054,Cash Management,Forecasting,Rolling Forecast,Maintain rolling cash forecasts,Medium,Medium,Not Started,CSH-050,6,,,No,,Continuous forward-looking forecast
CSH-064,Cash Management,Bank Fees,Fee Validation,Validate fees against agreements,High,Medium,Not Started,CSH-060,5,,,Yes,,Compare actual to contracted rates
CSH-074,Cash Management,Intercompany,Multilateral Netting,Support multilateral netting,Low,High,Not Started,CSH-071,9,,,Yes,,Net balances across multiple entities
CSH-084,Cash Management,Fraud Prevention,Payee Positive Pay,Validate payee names on checks,Medium,Medium,Not Started,CSH-080,5,,,Yes,,Match check payees to approved list
CSH-094,Cash Management,Multi-Currency,Currency Exposure,Report currency exposure,Medium,Medium,Not Started,CSH-090,6,,,Yes,,Identify and quantify FX risk
CSH-104,Cash Management,Treasury,Commercial Paper,Manage commercial paper programs,Low,High,Not Started,CSH-100,8,,,No,,Issue track and repay commercial paper
CSH-116,Cash Management,Integration,ERP Integration,Integrate with other ERP modules,Critical,High,Not Started,GL-001,10,,,Yes,,Seamless data flow across modules
CSH-124,Cash Management,Reporting,Bank Account Summary,Summary report of all bank accounts,Medium,Low,Not Started,CSH-002,3,,,Yes,,List accounts with balances and status
CSH-007,Cash Management,Bank Setup,Signatory Management,Manage authorized signatories,High,Medium,Not Started,CSH-003,5,,,Yes,,Define signers and approval limits
CSH-016,Cash Management,Cash Receipts,NSF Processing,Handle non-sufficient funds returns,High,Medium,Not Started,CSH-010,5,,,Yes,,Reverse receipts for returned items
CSH-026,Cash Management,Disbursements,Escheatment,Manage escheatment of unclaimed funds,Medium,High,Not Started,CSH-021,7,,,Yes,,Identify and remit abandoned property
CSH-036,Cash Management,Reconciliation,Multi-Currency Reconciliation,Reconcile foreign currency accounts,High,High,Not Started,CSH-030,8,,,Yes,,Handle FX differences in reconciliation
CSH-046,Cash Management,Cash Position,Target Balances,Set and maintain target account balances,Medium,Medium,Not Started,CSH-041,4,,,Yes,,Define min/max targets per account
CSH-055,Cash Management,Forecasting,Cash Budget,Create and monitor cash budgets,Medium,High,Not Started,GL-180,8,,,Yes,,Compare actual to budgeted cash
CSH-065,Cash Management,Bank Fees,Fee Reporting,Comprehensive fee reporting,Medium,Low,Not Started,CSH-060,4,,,Yes,,Analyze fees by category and bank
CSH-075,Cash Management,Intercompany,Transfer Pricing,Intercompany transfer pricing,Low,High,Not Started,CSH-070,7,,,No,,Price transfers per tax requirements
CSH-085,Cash Management,Fraud Prevention,Transaction Monitoring,Real-time transaction monitoring,High,High,Not Started,CSH-081,9,,,No,,Alert on suspicious patterns
CSH-095,Cash Management,Multi-Currency,Cross-Currency Netting,Net positions across currencies,Low,High,Not Started,CSH-071,9,,,Yes,,Minimize FX transactions
CSH-105,Cash Management,Treasury,Investment Portfolio,Manage investment portfolio,Medium,High,Not Started,CSH-042,9,,,No,,Track multiple investments and performance
CSH-117,Cash Management,Integration,BI Integration,Integration with business intelligence,Medium,High,Not Started,CSH-121,8,,,No,,Feed data to analytics platforms
CSH-125,Cash Management,Reporting,Forecast vs Actual,Compare forecast to actual cash,High,Medium,Not Started,CSH-050,5,,,Yes,,Variance analysis and trends
CSH-008,Cash Management,Bank Setup,Electronic Banking Setup,Configure electronic banking connections,High,High,Not Started,CSH-002,8,,,Yes,,Set up SFTP API and SWIFT connections
CSH-017,Cash Management,Cash Receipts,Batch Receipts,Process receipts in batches,High,Medium,Not Started,CSH-010,6,,,Yes,,Group receipts for efficiency
CSH-027,Cash Management,Disbursements,Procurement Card Payments,Manage P-Card settlements,Medium,Medium,Not Started,PO-240,6,,,Yes,,Settle and allocate P-Card charges
CSH-037,Cash Management,Reconciliation,Reconciliation Workflow,Workflow for reconciliation process,High,Medium,Not Started,CSH-032,6,,,Yes,,Route exceptions and require approvals
CSH-047,Cash Management,Cash Position,Position Alerts,Alert on cash position thresholds,High,Medium,Not Started,CSH-040,5,,,Yes,,Notify when balances exceed limits
CSH-056,Cash Management,Forecasting,Automated Forecasting,Automate forecast generation,Medium,High,Not Started,CSH-050,9,,,No,,Machine learning based forecasts
CSH-066,Cash Management,Bank Fees,Fee Accruals,Accrue estimated bank fees,Medium,Medium,Not Started,CSH-060,5,,,Yes,,Estimate and accrue monthly fees
CSH-076,Cash Management,Intercompany,Intercompany Statements,Generate intercompany cash statements,Medium,Low,Not Started,CSH-070,4,,,Yes,,Statement of intercompany transactions
CSH-086,Cash Management,Fraud Prevention,Check Stock Management,Secure check stock inventory,Medium,Medium,Not Started,CSH-021,4,,,Yes,,Track and secure blank check stock
CSH-096,Cash Management,Multi-Currency,Currency Forecasting,Forecast currency cash flows,Low,High,Not Started,CSH-050,8,,,No,,Forecast by currency for FX planning
CSH-106,Cash Management,Treasury,Repo Transactions,Manage repurchase agreements,Low,High,Not Started,CSH-042,8,,,No,,Track repos and reverse repos
CSH-118,Cash Management,Integration,Tax Integration,Integrate with tax systems,Medium,Medium,Not Started,AP-200,6,,,Yes,,Share data for tax payments and planning
CSH-126,Cash Management,Reporting,Cash Conversion Cycle,Calculate cash conversion cycle,Medium,Medium,Not Started,CSH-051,5,,,Yes,,Measure days from cash out to cash in
CSH-009,Cash Management,Bank Setup,Account Limits,Set transaction limits per account,High,Medium,Not Started,CSH-002,4,,,Yes,,Define daily and per-transaction limits
CSH-018,Cash Management,Cash Receipts,Receipt Allocation,Allocate receipts across invoices,High,High,Not Started,CSH-010,7,,,Yes,,Apply partial payments to multiple invoices
CSH-028,Cash Management,Disbursements,Payment Scheduling,Schedule future dated payments,High,Medium,Not Started,CSH-020,5,,,Yes,,Queue payments for future execution
CSH-038,Cash Management,Reconciliation,Book-to-Bank Reconciliation,Reconcile book to bank balances,Critical,Medium,Not Started,CSH-031,6,,,Yes,,Ensure GL matches bank balances
CSH-048,Cash Management,Cash Position,Consolidated Cash Position,Consolidate cash across entities,High,High,Not Started,CSH-040,8,,,Yes,,Enterprise-wide cash visibility
CSH-057,Cash Management,Forecasting,Forecast Templates,Create forecast templates,Medium,Medium,Not Started,CSH-050,4,,,Yes,,Reusable forecast scenarios
CSH-067,Cash Management,Bank Fees,Analysis Charges,Process bank analysis charges,Low,Medium,Not Started,CSH-060,5,,,Yes,,Handle monthly analysis statements
CSH-077,Cash Management,Intercompany,Loan Management,Manage intercompany loans,Low,High,Not Started,CSH-070,8,,,Yes,,Track intercompany lending and interest
CSH-087,Cash Management,Fraud Prevention,Dual Control,Dual control for high-value transactions,Critical,Medium,Not Started,CSH-003,5,,,Yes,,Require two approvals for large amounts
CSH-097,Cash Management,Multi-Currency,Translation Reports,Currency translation reports,Medium,Medium,Not Started,CSH-090,5,,,Yes,,Report gains/losses from translation
CSH-107,Cash Management,Treasury,Warrant Management,Manage payment warrants,Low,Medium,Not Started,CSH-021,6,,,Yes,,Government warrant processing
CSH-119,Cash Management,Integration,Bank API Integration,Real-time bank API connections,High,High,Not Started,CSH-113,11,,,Yes,,Modern API based bank connectivity
CSH-127,Cash Management,Reporting,SOX Compliance,SOX compliance for cash,Critical,Medium,Not Started,GL-280,5,,,Yes,,Controls and audit for cash processes
CSH-019,Cash Management,Cash Receipts,Overpayment Handling,Process customer overpayments,Medium,Medium,Not Started,CSH-010,5,,,Yes,,Hold or refund overpayments
CSH-029,Cash Management,Disbursements,Stop Payment Processing,Process stop payment requests,High,Medium,Not Started,CSH-021,5,,,Yes,,Request stop pays from bank
CSH-039,Cash Management,Reconciliation,Automated Adjustments,Auto-create reconciliation adjustments,Medium,High,Not Started,CSH-031,7,,,Yes,,Generate entries for common reconciling items
CSH-049,Cash Management,Cash Position,Days Cash on Hand,Calculate days cash on hand,Medium,Low,Not Started,CSH-040,3,,,Yes,,Key liquidity metric
CSH-068,Cash Management,Bank Fees,Fee Benchmarking,Benchmark fees to market,Low,Medium,Not Started,CSH-061,5,,,No,,Compare fees to industry standards
CSH-088,Cash Management,Fraud Prevention,Transaction Limits,Enforce transaction limits,Critical,Medium,Not Started,CSH-003,5,,,Yes,,Block transactions exceeding limits
CSH-098,Cash Management,Multi-Currency,Hedge Effectiveness,Test hedge effectiveness,Low,High,Not Started,CSH-092,7,,,No,,ASC 815 IFRS 9 hedge testing
CSH-108,Cash Management,Treasury,Bank Guarantees,Manage bank guarantees,Low,Medium,Not Started,CSH-101,6,,,Yes,,Track guarantees and claims
CSH-128,Cash Management,Reporting,Cash Metrics Dashboard,Key cash performance metrics,Medium,Low,Not Started,CSH-121,4,,,Yes,,Turnover coverage and efficiency ratios
FA-001,Fixed Assets,Setup,Asset Categories,Define asset categories for classification,Critical,Medium,Not Started,None,5,,,Yes,,Create category structure with GL defaults
FA-002,Fixed Assets,Setup,Asset Books,Set up multiple asset books,Critical,High,Not Started,GL-001,8,,,Yes,,Configure corporate tax and IFRS books
FA-003,Fixed Assets,Setup,Depreciation Methods,Configure depreciation methods,Critical,High,Not Started,FA-002,9,,,Yes,,Support straight-line declining balance and MACRS
FA-010,Fixed Assets,Acquisition,Asset Addition,Add new assets to the system,Critical,High,Not Started,FA-001,10,,,Yes,,Create asset master with all required details
FA-011,Fixed Assets,Acquisition,Assets from AP,Create assets from AP invoices,Critical,High,Not Started,AP-001,10,,,Yes,,Link AP invoices to asset additions
FA-012,Fixed Assets,Acquisition,Construction in Progress,Track assets under construction,High,High,Not Started,FA-010,9,,,Yes,,Accumulate CIP costs and transfer to assets
FA-020,Fixed Assets,Depreciation,Depreciation Calculation,Calculate depreciation per configured methods,Critical,High,Not Started,FA-003,12,,,Yes,,Support multiple methods and books
FA-021,Fixed Assets,Depreciation,Depreciation Processing,Run periodic depreciation processing,Critical,High,Not Started,FA-020,10,,,Yes,,Mass depreciation with GL posting
FA-022,Fixed Assets,Depreciation,Depreciation Adjustment,Adjust depreciation for errors and changes,High,Medium,Not Started,FA-021,7,,,Yes,,Process adjustments and recalculate prospectively
FA-030,Fixed Assets,Transfers,Location Transfers,Transfer assets between locations,High,Medium,Not Started,FA-010,6,,,Yes,,Update location without depreciation impact
FA-031,Fixed Assets,Transfers,Cost Center Transfers,Transfer assets between cost centers,High,High,Not Started,FA-030,8,,,Yes,,Change GL assignment and reallocate depreciation
FA-032,Fixed Assets,Transfers,Intercompany Transfers,Transfer assets between legal entities,Medium,High,Not Started,GL-140,10,,,Yes,,Retire in source add in destination with gain/loss
FA-040,Fixed Assets,Retirement,Asset Retirement,Retire assets from service,Critical,High,Not Started,FA-020,9,,,Yes,,Calculate gain/loss and post retirement entries
FA-041,Fixed Assets,Retirement,Asset Sale,Process asset sales with proceeds,High,High,Not Started,FA-040,8,,,Yes,,Record sale price and calculate gain/loss
FA-042,Fixed Assets,Retirement,Asset Disposal,Process asset disposals and scrap,High,Medium,Not Started,FA-040,6,,,Yes,,Record disposal with loss recognition
FA-050,Fixed Assets,Physical Inventory,Physical Count,Conduct physical inventory of assets,High,Medium,Not Started,FA-010,8,,,Yes,,Generate count sheets and reconcile to records
FA-051,Fixed Assets,Physical Inventory,Asset Verification,Verify asset existence and condition,Medium,Medium,Not Started,FA-050,6,,,Yes,,Periodic verification with photo documentation
FA-060,Fixed Assets,Impairment,Asset Impairment,Test and record asset impairment,Medium,High,Not Started,FA-020,10,,,No,,Calculate recoverable amount and impairment loss
FA-061,Fixed Assets,Impairment,Asset Revaluation,Revalue assets to fair value (IFRS),Low,High,Not Started,FA-060,9,,,No,,Record revaluation surplus and update basis
FA-070,Fixed Assets,Leases,Lease Assets,Manage ROU assets per ASC 842 IFRS 16,High,High,Not Started,FA-010,12,,,No,,Calculate lease liability and ROU asset
FA-071,Fixed Assets,Leases,Lease Modification,Process lease modifications,Medium,High,Not Started,FA-070,8,,,No,,Remeasure liability and adjust ROU asset
FA-080,Fixed Assets,Reporting,Asset Reports,Comprehensive fixed asset reporting,Critical,Medium,Not Started,FA-020,8,,,Yes,,Generate register schedule and roll forward reports
FA-081,Fixed Assets,Reporting,Asset Analytics,Analytics dashboards for asset portfolio,High,Medium,Not Started,FA-080,8,,,No,,Display key metrics and portfolio analysis
FA-090,Fixed Assets,Integration,AP Integration,Integrate with Accounts Payable,Critical,High,Not Started,AP-001,10,,,Yes,,Create assets from capital invoices
FA-091,Fixed Assets,Integration,GL Integration,Post asset transactions to General Ledger,Critical,High,Not Started,GL-001,11,,,Yes,,Post additions depreciation and retirements
FA-092,Fixed Assets,Integration,PO Integration,Link assets to purchase orders,High,Medium,Not Started,PO-001,7,,,Yes,,Flag capital POs and link to assets
FA-100,Fixed Assets,Security,Asset Security,Security controls for asset management,Critical,Medium,Not Started,UR-001,6,,,Yes,,Role-based access with approvals
FA-101,Fixed Assets,Security,Audit Trail,Comprehensive audit trail for assets,Critical,Medium,Not Started,FA-100,5,,,Yes,,Log all changes with user and timestamp
FA-004,Fixed Assets,Setup,Asset Numbering,Configure asset numbering schemes,High,Low,Not Started,FA-001,3,,,Yes,,Auto or manual asset number assignment
FA-005,Fixed Assets,Setup,Useful Life Defaults,Set useful life defaults by category,High,Low,Not Started,FA-001,3,,,Yes,,Default useful life ranges per category
FA-013,Fixed Assets,Acquisition,Bulk Asset Addition,Add multiple assets in batch,High,Medium,Not Started,FA-010,7,,,Yes,,Import and create assets from spreadsheet
FA-023,Fixed Assets,Depreciation,Bonus Depreciation,Calculate bonus depreciation (tax),High,Medium,Not Started,FA-020,6,,,Yes,,Apply bonus depreciation rules per tax code
FA-024,Fixed Assets,Depreciation,Section 179 Expense,Process Section 179 expense election,High,Medium,Not Started,FA-023,6,,,Yes,,Calculate and apply Section 179 limits
FA-033,Fixed Assets,Transfers,Mass Transfers,Transfer multiple assets in batch,Medium,Medium,Not Started,FA-030,6,,,Yes,,Bulk transfer by criteria
FA-043,Fixed Assets,Retirement,Trade-In Processing,Process asset trade-ins,Medium,Medium,Not Started,FA-041,6,,,Yes,,Apply trade-in value to new asset
FA-052,Fixed Assets,Physical Inventory,Mobile Counting,Mobile app for physical counts,Medium,High,Not Started,FA-050,9,,,Yes,,Barcode scanning and real-time updates
FA-062,Fixed Assets,Impairment,Impairment Reversal,Reverse impairment under IFRS,Low,Medium,Not Started,FA-060,5,,,No,,Restore carrying value up to original basis
FA-072,Fixed Assets,Leases,Lease Termination,Process early lease terminations,Medium,Medium,Not Started,FA-070,6,,,No,,Calculate termination gain/loss
FA-082,Fixed Assets,Reporting,Tax Reports,Generate tax depreciation reports,High,Medium,Not Started,FA-080,6,,,Yes,,Form 4562 and tax basis reports
FA-093,Fixed Assets,Integration,Budget Integration,Integrate with capital budgets,Medium,Medium,Not Started,GL-180,7,,,Yes,,Track actual vs budgeted capital spend
FA-006,Fixed Assets,Setup,Asset Tags,Generate and print asset tags,Medium,Low,Not Started,FA-010,4,,,Yes,,Barcode labels for physical assets
FA-014,Fixed Assets,Acquisition,Asset Components,Track asset components separately,Medium,High,Not Started,FA-010,8,,,Yes,,Component-level depreciation (IFRS)
FA-025,Fixed Assets,Depreciation,Depreciation Simulation,Simulate depreciation before posting,High,Medium,Not Started,FA-021,6,,,Yes,,Preview depreciation impact
FA-034,Fixed Assets,Transfers,Transfer Approval,Approval workflow for asset transfers,High,Medium,Not Started,FA-031,5,,,Yes,,Route transfers for approval
FA-044,Fixed Assets,Retirement,Retirement Approval,Approval workflow for retirements,High,Medium,Not Started,FA-040,5,,,Yes,,Require approval for high-value retirements
FA-053,Fixed Assets,Physical Inventory,Variance Resolution,Resolve physical inventory variances,High,Medium,Not Started,FA-050,6,,,Yes,,Investigate and adjust for missing/found assets
FA-063,Fixed Assets,Impairment,Impairment Indicators,Monitor impairment indicators,Medium,Medium,Not Started,FA-060,5,,,No,,Flag assets for impairment testing
FA-073,Fixed Assets,Leases,Short-Term Leases,Expense short-term leases,Medium,Low,Not Started,FA-070,4,,,Yes,,Track leases under 12 months
FA-083,Fixed Assets,Reporting,Depreciation Forecast,Project future depreciation,High,Medium,Not Started,FA-080,7,,,Yes,,Forecast depreciation for planning
FA-094,Fixed Assets,Integration,Project Integration,Link assets to capital projects,Medium,High,Not Started,FA-012,8,,,Yes,,Associate assets with projects
FA-007,Fixed Assets,Setup,Salvage Value,Configure salvage value rules,Medium,Low,Not Started,FA-003,3,,,Yes,,Set salvage value by category or asset
FA-015,Fixed Assets,Acquisition,Asset Splits,Split assets into multiple assets,Medium,Medium,Not Started,FA-010,6,,,Yes,,Divide asset cost across new assets
FA-026,Fixed Assets,Depreciation,Units of Production,Support units of production method,Medium,High,Not Started,FA-020,8,,,Yes,,Track usage units and calculate depreciation
FA-035,Fixed Assets,Transfers,Transfer History,Maintain transfer history,Medium,Low,Not Started,FA-030,3,,,Yes,,Track all historical transfers
FA-045,Fixed Assets,Retirement,Partial Retirement,Retire portion of asset,Medium,High,Not Started,FA-040,7,,,Yes,,Reduce cost and accumulated depreciation
FA-054,Fixed Assets,Physical Inventory,Cycle Counting,Continuous cycle counting program,Low,Medium,Not Started,FA-050,6,,,Yes,,Count subset of assets periodically
FA-064,Fixed Assets,Impairment,Cash Generating Units,Group assets into CGUs for impairment,Low,High,Not Started,FA-060,8,,,No,,IFRS impairment at CGU level
FA-074,Fixed Assets,Leases,Lease Schedules,Generate detailed lease schedules,High,Medium,Not Started,FA-070,6,,,Yes,,Payment schedule and amortization
FA-084,Fixed Assets,Reporting,Roll Forward Report,Asset roll forward by period,High,Medium,Not Started,FA-080,6,,,Yes,,Beginning additions retirements depreciation ending
FA-095,Fixed Assets,Integration,Tax Integration,Integrate with tax systems,Medium,Medium,Not Started,FA-082,7,,,Yes,,Provide tax basis and depreciation
FA-008,Fixed Assets,Setup,Proration Conventions,Configure depreciation proration,High,Medium,Not Started,FA-003,5,,,Yes,,Half-year mid-quarter conventions
FA-016,Fixed Assets,Acquisition,Interest Capitalization,Capitalize interest to CIP and assets,Medium,High,Not Started,FA-012,8,,,Yes,,Calculate and add interest to asset cost
FA-027,Fixed Assets,Depreciation,Depreciation Reserve,Track accumulated depreciation,Critical,Medium,Not Started,FA-020,6,,,Yes,,Maintain reserve per book
FA-036,Fixed Assets,Transfers,Retroactive Transfers,Process backdated transfers,Low,Medium,Not Started,FA-031,6,,,Yes,,Recalculate depreciation for prior periods
FA-046,Fixed Assets,Retirement,Gain Loss Reporting,Report retirement gains and losses,High,Low,Not Started,FA-040,4,,,Yes,,Summarize gains and losses by period
FA-055,Fixed Assets,Physical Inventory,Found Assets,Process found unrecorded assets,Medium,Medium,Not Started,FA-050,5,,,Yes,,Add assets discovered in physical count
FA-065,Fixed Assets,Impairment,Impairment Documentation,Document impairment testing,Medium,Low,Not Started,FA-060,4,,,Yes,,Attach supporting documentation
FA-075,Fixed Assets,Leases,Low Value Leases,Expense low-value leases,Low,Low,Not Started,FA-070,3,,,Yes,,Practical expedient for low value
FA-085,Fixed Assets,Reporting,Category Analysis,Analyze assets by category,Medium,Low,Not Started,FA-080,4,,,Yes,,Summary by asset category
FA-096,Fixed Assets,Integration,Consolidation,Consolidate assets across entities,High,High,Not Started,GL-150,9,,,Yes,,Roll up for consolidated reporting
FA-009,Fixed Assets,Setup,GL Account Mapping,Map asset categories to GL accounts,Critical,Medium,Not Started,FA-001,6,,,Yes,,Define accounts for cost and depreciation
FA-017,Fixed Assets,Acquisition,Asset Groups,Group related assets,Medium,Medium,Not Started,FA-010,5,,,Yes,,Create asset groups for management
FA-028,Fixed Assets,Depreciation,Catch-Up Depreciation,Process catch-up depreciation,High,Medium,Not Started,FA-022,6,,,Yes,,Recalculate for missed periods
FA-037,Fixed Assets,Transfers,Transfer Documents,Generate transfer documentation,Low,Low,Not Started,FA-030,3,,,Yes,,Transfer forms and approvals
FA-047,Fixed Assets,Retirement,Retirement Reversal,Reverse retirement transactions,Medium,Medium,Not Started,FA-040,6,,,Yes,,Un-retire assets and restore
FA-056,Fixed Assets,Physical Inventory,Missing Assets,Process missing assets,High,Medium,Not Started,FA-050,6,,,Yes,,Research and write off if confirmed lost
FA-066,Fixed Assets,Impairment,Fair Value Determination,Determine asset fair values,Low,High,Not Started,FA-060,7,,,No,,Valuation for impairment and revaluation
FA-076,Fixed Assets,Leases,Variable Lease Payments,Handle variable lease payments,Medium,High,Not Started,FA-070,7,,,No,,Remeasure for variable payment changes
FA-086,Fixed Assets,Reporting,Location Analysis,Analyze assets by location,Medium,Low,Not Started,FA-080,4,,,Yes,,Summary by asset location
FA-097,Fixed Assets,Integration,Insurance Integration,Integrate with insurance systems,Low,Medium,Not Started,FA-010,6,,,Yes,,Provide insurable values
FA-018,Fixed Assets,Acquisition,Asset Sourcing from PO,Create assets from purchase orders,High,High,Not Started,PO-001,8,,,Yes,,Link PO to asset on receipt
FA-029,Fixed Assets,Depreciation,Depreciation Caps,Apply depreciation limits,Medium,Medium,Not Started,FA-020,5,,,Yes,,Luxury auto and other limits
FA-038,Fixed Assets,Transfers,Mass Cost Center Changes,Change cost centers in bulk,Medium,Medium,Not Started,FA-031,5,,,Yes,,Reallocate multiple assets
FA-048,Fixed Assets,Retirement,Retirement Reserve,Track retirement reserves,Low,Medium,Not Started,FA-040,5,,,Yes,,Estimate future retirement losses
FA-057,Fixed Assets,Physical Inventory,Custodian Verification,Verify asset custodians,Medium,Low,Not Started,FA-051,4,,,Yes,,Confirm responsible parties
FA-067,Fixed Assets,Impairment,Value in Use Calculation,Calculate value in use for impairment,Low,High,Not Started,FA-060,8,,,No,,Discount future cash flows
FA-077,Fixed Assets,Leases,Lessee vs Lessor,Support both lessee and lessor accounting,Low,High,Not Started,FA-070,12,,,No,,Lessor accounting for leased assets
FA-087,Fixed Assets,Reporting,Custodian Reports,Report assets by custodian,Medium,Low,Not Started,FA-080,3,,,Yes,,List assets by responsible person
FA-098,Fixed Assets,Integration,Maintenance Integration,Integrate with maintenance systems,Low,Medium,Not Started,FA-010,7,,,Yes,,Track maintenance history
FA-019,Fixed Assets,Acquisition,Mass Asset Updates,Update multiple assets in batch,Medium,Medium,Not Started,FA-010,6,,,Yes,,Bulk update of asset attributes
FA-030-1,Fixed Assets,Depreciation,Method Changes,Change depreciation method,Medium,High,Not Started,FA-022,7,,,Yes,,Handle method changes with proper accounting
FA-039,Fixed Assets,Transfers,Transfer Workflow,Automated transfer workflow,Medium,Medium,Not Started,FA-034,6,,,Yes,,Route and approve transfers
FA-049,Fixed Assets,Retirement,Obsolete Asset Identification,Identify obsolete assets,Medium,Medium,Not Started,FA-040,5,,,No,,Flag low utilization and old assets
FA-058,Fixed Assets,Physical Inventory,Count Sheet Generation,Generate physical count sheets,High,Low,Not Started,FA-050,4,,,Yes,,Printable count lists
FA-068,Fixed Assets,Impairment,Goodwill Impairment,Test goodwill for impairment,Low,High,Not Started,FA-060,9,,,No,,Specialized goodwill testing
FA-078,Fixed Assets,Leases,Sublease Accounting,Account for subleases,Low,High,Not Started,FA-070,8,,,No,,Lessee and lessor roles simultaneously
FA-088,Fixed Assets,Reporting,Fully Depreciated Assets,Report fully depreciated assets,Medium,Low,Not Started,FA-080,3,,,Yes,,List assets with zero NBV
FA-099,Fixed Assets,Integration,Mobile Asset Access,Mobile access to asset information,Low,High,Not Started,FA-010,9,,,Yes,,Mobile app for asset lookup
FA-020-1,Fixed Assets,Acquisition,Donated Assets,Process donated asset additions,Low,Medium,Not Started,FA-010,5,,,Yes,,Record at fair value with no cost
FA-031-1,Fixed Assets,Depreciation,Depreciation Holidays,Support depreciation holidays,Low,Medium,Not Started,FA-020,5,,,Yes,,Pause depreciation for specified periods
FA-040-1,Fixed Assets,Transfers,Fleet Management,Specialized fleet management,Low,High,Not Started,FA-010,10,,,No,,Track vehicles with mileage and maintenance
FA-050-1,Fixed Assets,Retirement,Retirement Planning,Plan future asset retirements,Low,Medium,Not Started,FA-040,6,,,No,,Forecast replacement needs
FA-059,Fixed Assets,Physical Inventory,Condition Assessment,Assess asset condition,Low,Low,Not Started,FA-051,4,,,Yes,,Rate condition during verification
FA-069,Fixed Assets,Impairment,Impairment Allocation,Allocate impairment to asset components,Low,High,Not Started,FA-060,7,,,No,,Pro-rata allocation of impairment
FA-079,Fixed Assets,Leases,Lease vs Buy Analysis,Analyze lease versus buy decisions,Low,Medium,Not Started,FA-070,6,,,No,,NPV analysis of alternatives
FA-089,Fixed Assets,Reporting,Asset Age Analysis,Analyze asset age distribution,Medium,Low,Not Started,FA-080,4,,,Yes,,Report average age by category
FA-100-1,Fixed Assets,Integration,Capital Budget Tracking,Track capital budget utilization,Medium,Medium,Not Started,FA-093,6,,,Yes,,Compare spend to approved budgets
FA-021-1,Fixed Assets,Acquisition,Assets from Leases,Create assets from lease contracts,Medium,High,Not Started,FA-070,8,,,Yes,,Convert lease to ROU asset
FA-032-1,Fixed Assets,Depreciation,Bonus vs Regular,Separate bonus and regular depreciation,Medium,Medium,Not Started,FA-023,5,,,Yes,,Track components separately for tax
FA-041-1,Fixed Assets,Transfers,Transfer Pricing,Intercompany transfer pricing,Low,High,Not Started,FA-032,8,,,No,,Determine arm's length transfer prices
FA-051-1,Fixed Assets,Retirement,Environmental Disposal,Track environmental disposal compliance,Low,Medium,Not Started,FA-042,5,,,Yes,,Document hazmat disposal
FA-060-1,Fixed Assets,Physical Inventory,RFID Tracking,RFID-based asset tracking,Low,High,Not Started,FA-050,10,,,Yes,,RFID tags for automated counts
FA-070-1,Fixed Assets,Impairment,Intangible Impairment,Impairment testing for intangibles,Low,High,Not Started,FA-060,8,,,No,,Specialized rules for intangibles
FA-080-1,Fixed Assets,Leases,Lease Disclosure Reports,Generate lease disclosure reports,Medium,Medium,Not Started,FA-074,6,,,Yes,,ASC 842 IFRS 16 disclosure requirements
FA-090-1,Fixed Assets,Reporting,Asset Turnover,Calculate asset turnover metrics,Low,Low,Not Started,FA-081,3,,,Yes,,Revenue divided by average assets
FA-101-1,Fixed Assets,Integration,SOX Compliance,SOX compliance for fixed assets,Critical,Medium,Not Started,GL-280,6,,,Yes,,Controls for asset processes
FA-022-1,Fixed Assets,Acquisition,Pooled Assets,Manage pooled asset groups,Low,Medium,Not Started,FA-017,6,,,Yes,,Depreciate as single pool
FA-033-1,Fixed Assets,Depreciation,AMT Depreciation,Calculate AMT depreciation,Low,High,Not Started,FA-024,7,,,Yes,,Alternative minimum tax calculations
FA-042-1,Fixed Assets,Transfers,Transfer Costs,Capitalize costs of asset transfers,Low,Low,Not Started,FA-031,3,,,Yes,,Add transfer costs to asset basis
FA-052-1,Fixed Assets,Retirement,Asset Write-Down,Write down asset values,Medium,Medium,Not Started,FA-060,6,,,Yes,,Reduce NBV without full retirement
FA-061-1,Fixed Assets,Physical Inventory,Inventory Scheduling,Schedule physical inventories,Low,Low,Not Started,FA-050,3,,,Yes,,Calendar-based inventory planning
FA-071-1,Fixed Assets,Impairment,Impairment Indicators Monitoring,Monitor for impairment triggers,Medium,Medium,Not Started,FA-063,6,,,No,,Continuous monitoring of indicators
FA-081-1,Fixed Assets,Leases,Lease Renewal Options,Handle lease renewal options,Low,Medium,Not Started,FA-070,6,,,No,,Include reasonably certain renewals
FA-091-1,Fixed Assets,Reporting,NBV Reporting,Net book value reports,High,Low,Not Started,FA-080,3,,,Yes,,Current NBV by asset and category
FA-102,Fixed Assets,Integration,Workflow Integration,Integrate with workflow engine,Medium,High,Not Started,UR-060,8,,,Yes,,Route asset transactions for approval
GL-001,General Ledger,Organization Structure,Enterprise Setup,Create and configure enterprise entity with unique identifier and base currency,Critical,Low,Not Started,,3,,Not Started,Not Started,Yes,Foundation for all org structure,Enterprise can be created with name and base currency
GL-002,General Ledger,Organization Structure,Legal Entity Setup,Create legal entities with registration details and tax information,Critical,Medium,Not Started,GL-001,5,,Not Started,Not Started,Yes,Required for multi-entity operations,Legal entity can be created with all registration details
GL-003,General Ledger,Organization Structure,Legal Entity Attributes,Maintain legal entity attributes (name type address tax ID registration),Critical,Low,Not Started,GL-002,3,,Not Started,Not Started,Yes,Complete legal entity information,All legal entity fields can be maintained
GL-004,General Ledger,Organization Structure,Business Unit Setup,Create business units with COA calendar and currency assignments,Critical,Medium,Not Started,GL-020 GL-040 GL-060,5,,Not Started,Not Started,Yes,Core organizational unit,Business unit can be created with all required associations
GL-005,General Ledger,Organization Structure,Business Unit Hierarchy,Define parent-child relationships between business units,High,Medium,Not Started,GL-004,4,,Not Started,Not Started,Yes,Supports org reporting structure,Hierarchical relationships can be established
GL-006,General Ledger,Organization Structure,Business Unit Attributes,Maintain BU attributes (manager location cost center designation),Medium,Low,Not Started,GL-004,2,,Not Started,Not Started,Yes,Additional BU information,BU attributes can be updated
GL-007,General Ledger,Organization Structure,Organization Hierarchy,Create and maintain multiple organizational hierarchies,Medium,High,Not Started,GL-004,6,,Not Started,Not Started,Yes,Flexible reporting structures,Multiple hierarchies can be defined
GL-008,General Ledger,Organization Structure,User Assignment,Assign users to business units and modules,Critical,Medium,Not Started,GL-004,4,,Not Started,Not Started,Yes,User access control,Users can be linked to BU and modules
GL-010,General Ledger,Chart of Accounts,COA Definition,Define chart of accounts structure and naming,Critical,Medium,Not Started,,4,,Not Started,Not Started,Yes,Foundation of GL accounting,COA can be created with unique identifier
GL-011,General Ledger,Chart of Accounts,Segment Definition,Create and configure accounting segments,Critical,High,Not Started,GL-010,8,,Not Started,Not Started,Yes,Flexible account structure,Segments can be defined with properties
GL-012,General Ledger,Chart of Accounts,Segment Types,Define segment types (Company Cost Center Account Product Project IC Location),Critical,Medium,Not Started,GL-011,5,,Not Started,Not Started,Yes,Categorize segments by purpose,Segment types can be assigned
GL-013,General Ledger,Chart of Accounts,Segment Ordering,Define segment order and separators in account combination,High,Low,Not Started,GL-011,2,,Not Started,Not Started,Yes,Account display format,Segments can be arranged in order
GL-014,General Ledger,Chart of Accounts,Segment Qualifiers,Assign qualifiers to segments (balancing natural account IC),High,Medium,Not Started,GL-011,3,,Not Started,Not Started,Yes,Segment special properties,Qualifiers can be set on segments
GL-020,General Ledger,Chart of Accounts,Value Set Creation,Create value sets with validation types,Critical,High,Not Started,GL-011,6,,Not Started,Not Started,Yes,Store segment values,Value sets can be created
GL-021,General Ledger,Chart of Accounts,Value Set Types,Support independent dependent table-validated special pair value sets,High,High,Not Started,GL-020,7,,Not Started,Not Started,Yes,Flexible value validation,All value set types supported
GL-022,General Ledger,Chart of Accounts,Value Set Validation,Define validation rules format and length constraints,High,Medium,Not Started,GL-020,4,,Not Started,Not Started,Yes,Data quality control,Validation rules enforced
GL-023,General Ledger,Chart of Accounts,Value Set Values,Maintain values within value sets,Critical,Medium,Not Started,GL-020,5,,Not Started,Not Started,Yes,Actual segment values,Values can be added/edited/disabled
GL-024,General Ledger,Chart of Accounts,Value Set Hierarchy,Create parent-child relationships within value sets,Medium,Medium,Not Started,GL-023,4,,Not Started,Not Started,Yes,Value rollup and grouping,Hierarchies can be defined
GL-025,General Ledger,Chart of Accounts,Dependent Value Sets,Implement dependent value sets based on parent segment,High,High,Not Started,GL-021,6,,Not Started,Not Started,Yes,Context-sensitive values,Values filter based on parent
GL-030,General Ledger,Chart of Accounts,Account Type Assignment,Assign account types to account segment values,Critical,Medium,Not Started,GL-023,4,,Not Started,Not Started,Yes,Financial statement classification,Account types can be assigned
GL-031,General Ledger,Chart of Accounts,Account Types,Support Assets Liabilities Equity Revenue Expense account types,Critical,Low,Not Started,GL-030,3,,Not Started,Not Started,Yes,Standard account classifications,All account types available
GL-032,General Ledger,Chart of Accounts,Account Sub-types,Define account sub-types (Current Assets Fixed Assets COGS Operating Expense),High,Medium,Not Started,GL-031,4,,Not Started,Not Started,Yes,Detailed classification,Sub-types can be configured
GL-033,General Ledger,Chart of Accounts,Natural Balance,Define debit/credit natural balance by account type,High,Low,Not Started,GL-031,2,,Not Started,Not Started,Yes,Balance validation,Natural balance enforced
GL-034,General Ledger,Chart of Accounts,Retained Earnings Account,Configure retained earnings account for year-end close,Critical,Medium,Not Started,GL-031,3,,Not Started,Not Started,Yes,Year-end processing,RE account designated
GL-040,General Ledger,Chart of Accounts,Account Combinations,Generate and maintain valid account combinations,Critical,High,Not Started,GL-023,8,,Not Started,Not Started,Yes,Complete GL accounts,Account combinations created
GL-041,General Ledger,Chart of Accounts,Dynamic Combination,Allow dynamic generation of account combinations,High,High,Not Started,GL-040,6,,Not Started,Not Started,Yes,Flexible account creation,New combinations auto-generated
GL-042,General Ledger,Chart of Accounts,Cross Validation Rules,Define allowed/disallowed segment value combinations,High,High,Not Started,GL-040,7,,Not Started,Not Started,Yes,Account combination control,CVR enforced
GL-043,General Ledger,Chart of Accounts,Account Combination Approval,Workflow for approving new account combinations,Medium,Medium,Not Started,GL-040,5,,Not Started,Not Started,Yes,Controlled account creation,Approval workflow functional
GL-044,General Ledger,Chart of Accounts,Account Aliases,Maintain descriptions and aliases for account combinations,Medium,Low,Not Started,GL-040,3,,Not Started,Not Started,Yes,User-friendly account names,Aliases can be set
GL-045,General Ledger,Chart of Accounts,Account Activation,Enable/disable account combinations with date ranges,High,Medium,Not Started,GL-040,4,,Not Started,Not Started,Yes,Account lifecycle management,Accounts can be enabled/disabled
GL-046,General Ledger,Chart of Accounts,Mass Account Generation,Bulk create account combinations based on rules,Medium,High,Not Started,GL-040,6,,Not Started,Not Started,Yes,Efficient account setup,Mass generation successful
GL-050,General Ledger,Chart of Accounts,Account Hierarchies,Create and maintain account hierarchies for reporting,High,High,Not Started,GL-040,7,,Not Started,Not Started,Yes,Rollup reporting,Hierarchies functional
GL-051,General Ledger,Chart of Accounts,Parent-Child Accounts,Define parent-child relationships for account rollup,High,Medium,Not Started,GL-050,5,,Not Started,Not Started,Yes,Account aggregation,Relationships established
GL-052,General Ledger,Chart of Accounts,Summary Accounts,Configure summary accounts for rollup balances,Medium,Medium,Not Started,GL-051,4,,Not Started,Not Started,Yes,Consolidated balances,Summary accounts work
GL-053,General Ledger,Chart of Accounts,Multiple Hierarchies,Support multiple account hierarchies for different purposes,Medium,High,Not Started,GL-050,6,,Not Started,Not Started,Yes,Flexible reporting views,Multiple hierarchies supported
GL-060,General Ledger,Calendar Management,Calendar Creation,Create fiscal and calendar year calendars,Critical,Medium,Not Started,,5,,Not Started,Not Started,Yes,Accounting period foundation,Calendars can be created
GL-061,General Ledger,Calendar Management,Fiscal Calendar,Configure fiscal calendar with custom year start,Critical,Medium,Not Started,GL-060,4,,Not Started,Not Started,Yes,Custom fiscal periods,Fiscal calendar configurable
GL-062,General Ledger,Calendar Management,Calendar Year,Configure standard January-December calendar,High,Low,Not Started,GL-060,2,,Not Started,Not Started,Yes,Standard calendar support,Calendar year available
GL-063,General Ledger,Calendar Management,Period Configuration,Define periods with start/end dates names and numbers,Critical,Medium,Not Started,GL-060,5,,Not Started,Not Started,Yes,Accounting periods setup,Periods configured
GL-064,General Ledger,Calendar Management,13-Period Calendar,Support 13-period accounting calendar,Medium,Medium,Not Started,GL-061,4,,Not Started,Not Started,Yes,Extended period calendar,13 periods supported
GL-065,General Ledger,Calendar Management,4-4-5 Calendar,Support 4-4-5 or 5-4-4 period patterns,Medium,High,Not Started,GL-061,6,,Not Started,Not Started,Yes,Retail calendar patterns,Pattern calendars work
GL-066,General Ledger,Calendar Management,Adjustment Periods,Configure adjustment periods for year-end,Critical,Medium,Not Started,GL-063,4,,Not Started,Not Started,Yes,Year-end adjustments,Adjustment periods available
GL-067,General Ledger,Calendar Management,Future Period Generation,Automatically generate future calendar periods,Medium,Medium,Not Started,GL-060,4,,Not Started,Not Started,Yes,Calendar maintenance,Future periods generated
GL-070,General Ledger,Calendar Management,Period Status Management,Manage period status (Never Opened Open Closed Permanently Closed),Critical,High,Not Started,GL-063,6,,Not Started,Not Started,Yes,Period control,Status changes enforced
GL-071,General Ledger,Calendar Management,Open Period,Open accounting periods for transaction entry,Critical,Medium,Not Started,GL-070,3,,Not Started,Not Started,Yes,Enable transaction posting,Periods can be opened
GL-072,General Ledger,Calendar Management,Close Period,Close accounting periods to prevent further transactions,Critical,Medium,Not Started,GL-070,4,,Not Started,Not Started,Yes,Period lockdown,Periods can be closed
GL-073,General Ledger,Calendar Management,Reopen Period,Reopen closed periods for adjustments,High,Medium,Not Started,GL-072,3,,Not Started,Not Started,Yes,Period adjustment capability,Closed periods reopenable
GL-074,General Ledger,Calendar Management,Permanent Close,Permanently close periods (year-end),Critical,Medium,Not Started,GL-072,4,,Not Started,Not Started,Yes,Final period lock,Permanent close enforced
GL-075,General Ledger,Calendar Management,Multiple Open Periods,Allow multiple periods to be open simultaneously,High,Medium,Not Started,GL-070,5,,Not Started,Not Started,Yes,Flexible period access,Multiple periods open
GL-076,General Ledger,Calendar Management,Period Access by Ledger,Control period status independently by ledger,Medium,High,Not Started,GL-070,6,,Not Started,Not Started,Yes,Ledger-specific control,Per-ledger period status
GL-080,General Ledger,Currency Management,Currency Setup,Create and maintain currencies with codes and symbols,Critical,Low,Not Started,,3,,Not Started,Not Started,Yes,Multi-currency foundation,Currencies defined
GL-081,General Ledger,Currency Management,ISO Currency Codes,Support ISO standard currency codes,High,Low,Not Started,GL-080,2,,Not Started,Not Started,Yes,Standard currency codes,ISO codes used
GL-082,General Ledger,Currency Management,Currency Precision,Configure decimal precision by currency,High,Low,Not Started,GL-080,2,,Not Started,Not Started,Yes,Accurate currency handling,Precision enforced
GL-083,General Ledger,Currency Management,Minimum Accountable Unit,Define minimum accountable unit for rounding,Medium,Low,Not Started,GL-080,2,,Not Started,Not Started,Yes,Currency rounding,MAU configured
GL-084,General Ledger,Currency Management,Euro Configuration,Configure Euro adoption and EMU details,Low,Low,Not Started,GL-080,2,,Not Started,Not Started,No,Euro support,Euro settings available
GL-090,General Ledger,Currency Management,Exchange Rate Types,Define rate types (Corporate Spot User Historical Budget),Critical,Medium,Not Started,GL-080,4,,Not Started,Not Started,Yes,Multiple rate purposes,Rate types configured
GL-091,General Ledger,Currency Management,Daily Rate Entry,Enter and maintain daily exchange rates,Critical,Medium,Not Started,GL-090,5,,Not Started,Not Started,Yes,Currency conversion,Daily rates maintainable
GL-092,General Ledger,Currency Management,Rate Pairs,Maintain from/to currency pairs with conversion rates,Critical,Medium,Not Started,GL-091,4,,Not Started,Not Started,Yes,Bi-directional conversion,Currency pairs defined
GL-093,General Ledger,Currency Management,Inverse Rate Calculation,Automatically calculate inverse exchange rates,High,Low,Not Started,GL-091,3,,Not Started,Not Started,Yes,Auto inverse rates,Inverse calculated
GL-094,General Ledger,Currency Management,Cross Rate Calculation,Calculate cross rates from base currency rates,Medium,Medium,Not Started,GL-091,4,,Not Started,Not Started,Yes,Indirect conversions,Cross rates computed
GL-095,General Ledger,Currency Management,Mass Rate Upload,Bulk upload exchange rates from external sources,Medium,Medium,Not Started,GL-091,5,,Not Started,Not Started,Yes,Efficient rate maintenance,Mass upload works
GL-096,General Ledger,Currency Management,Rate Override,Allow override of system exchange rates,Medium,Low,Not Started,GL-091,3,,Not Started,Not Started,Yes,Transaction-specific rates,Override capability
GL-097,General Ledger,Currency Management,Euro Triangulation,Support Euro triangulation for EMU currencies,Low,Medium,Not Started,GL-094,4,,Not Started,Not Started,No,EMU compliance,Triangulation works
GL-100,General Ledger,Currency Management,Multi-Currency Journals,Enter journals in foreign currencies,Critical,High,Not Started,GL-080 GL-091,7,,Not Started,Not Started,Yes,Foreign currency transactions,Multi-currency journals work
GL-101,General Ledger,Currency Management,Automatic Conversion,Auto-convert foreign currency to functional currency,Critical,High,Not Started,GL-100,6,,Not Started,Not Started,Yes,Real-time conversion,Auto-conversion functional
GL-102,General Ledger,Currency Management,Exchange Rate Variance,Track exchange rate variances and gains/losses,High,High,Not Started,GL-100,6,,Not Started,Not Started,Yes,Currency impact tracking,Variances calculated
GL-103,General Ledger,Currency Management,Reporting Currency,Support secondary reporting currency ledgers,Medium,High,Not Started,GL-100,8,,Not Started,Not Started,Yes,Dual currency reporting,Reporting currency works
GL-110,General Ledger,Journal Management,Journal Categories,Define and maintain journal categories,Critical,Medium,Not Started,,4,,Not Started,Not Started,Yes,Journal classification,Categories configured
GL-111,General Ledger,Journal Management,Category Types,Support Manual Imported and Automatic category types,High,Low,Not Started,GL-110,3,,Not Started,Not Started,Yes,Different journal origins,Category types available
GL-112,General Ledger,Journal Management,Category Attributes,Configure category attributes (balancing approval reversal),Medium,Medium,Not Started,GL-110,4,,Not Started,Not Started,Yes,Category-specific rules,Attributes enforced
GL-120,General Ledger,Journal Management,Journal Sources,Define journal sources for different systems,Critical,Low,Not Started,,3,,Not Started,Not Started,Yes,Source tracking,Sources configured
GL-121,General Ledger,Journal Management,Source Attributes,Configure source attributes (import tracking auto-post),Medium,Low,Not Started,GL-120,3,,Not Started,Not Started,Yes,Source-specific behavior,Attributes work
GL-130,General Ledger,Journal Management,Manual Journal Entry,Create manual journal entries with header and lines,Critical,High,Not Started,GL-110 GL-120,10,,Not Started,Not Started,Yes,Core journal functionality,Manual journals creatable
GL-131,General Ledger,Journal Management,Journal Header,Capture journal header information (name date period currency),Critical,Medium,Not Started,GL-130,5,,Not Started,Not Started,Yes,Journal identification,Header fields captured
GL-132,General Ledger,Journal Management,Journal Lines,Enter journal lines with account debit credit description,Critical,High,Not Started,GL-130,8,,Not Started,Not Started,Yes,Transaction details,Lines can be entered
GL-133,General Ledger,Journal Management,Multi-Line Entry,Support multiple journal lines in single entry,Critical,Medium,Not Started,GL-132,4,,Not Started,Not Started,Yes,Complex transactions,Multi-line supported
GL-134,General Ledger,Journal Management,Journal Description,Maintain header and line descriptions,High,Low,Not Started,GL-130,2,,Not Started,Not Started,Yes,Transaction documentation,Descriptions captured
GL-135,General Ledger,Journal Management,Control Totals,Enter and validate control totals for journals,High,Medium,Not Started,GL-130,4,,Not Started,Not Started,Yes,Data entry accuracy,Control totals validated
GL-136,General Ledger,Journal Management,Statistical Amounts,Support statistical journal amounts,Medium,Low,Not Started,GL-132,3,,Not Started,Not Started,Yes,Non-monetary tracking,Statistical amounts work
GL-137,General Ledger,Journal Management,Reference Fields,Capture reference information (Invoice PO etc),Medium,Low,Not Started,GL-132,3,,Not Started,Not Started,Yes,Audit trail enhancement,References captured
GL-140,General Ledger,Journal Management,Journal Templates,Create and use journal templates for recurring entries,High,Medium,Not Started,GL-130,5,,Not Started,Not Started,Yes,Efficient data entry,Templates functional
GL-141,General Ledger,Journal Management,Copy Journal,Copy existing journals for similar entries,Medium,Low,Not Started,GL-130,4,,Not Started,Not Started,Yes,Reduce data entry,Copy works
GL-142,General Ledger,Journal Management,Recurring Journals,Set up recurring journals with schedules,High,High,Not Started,GL-130,7,,Not Started,Not Started,Yes,Automated recurring entries,Recurring journals work
GL-143,General Ledger,Journal Management,Recurring Formulas,Define formulas for recurring journal amounts,Medium,High,Not Started,GL-142,6,,Not Started,Not Started,Yes,Variable recurring amounts,Formulas calculated
GL-144,General Ledger,Journal Management,Recurring Schedule,Schedule automatic generation of recurring journals,Medium,Medium,Not Started,GL-142,5,,Not Started,Not Started,Yes,Automated generation,Schedule works
GL-150,General Ledger,Journal Management,Journal Batches,Group journals into batches,High,Medium,Not Started,GL-130,4,,Not Started,Not Started,Yes,Journal organization,Batches functional
GL-151,General Ledger,Journal Management,Batch Control,Maintain batch control totals and status,High,Medium,Not Started,GL-150,4,,Not Started,Not Started,Yes,Batch validation,Control enforced
GL-152,General Ledger,Journal Management,Batch Posting,Post entire batches at once,High,Medium,Not Started,GL-150,5,,Not Started,Not Started,Yes,Efficient posting,Batch posting works
GL-160,General Ledger,Journal Management,Journal Validation,Validate journals before posting,Critical,High,Not Started,GL-130,8,,Not Started,Not Started,Yes,Data quality assurance,Validation enforced
GL-161,General Ledger,Journal Management,Account Validation,Validate account combinations exist and are active,Critical,Medium,Not Started,GL-160,4,,Not Started,Not Started,Yes,Valid accounts only,Account validation works
GL-162,General Ledger,Journal Management,Balance Validation,Validate debit equals credit,Critical,Low,Not Started,GL-160,2,,Not Started,Not Started,Yes,Balanced entries,Balance check enforced
GL-163,General Ledger,Journal Management,Period Validation,Validate period is open for posting,Critical,Medium,Not Started,GL-160,3,,Not Started,Not Started,Yes,Period control,Period check enforced
GL-164,General Ledger,Journal Management,Currency Validation,Validate currency and exchange rates,High,Medium,Not Started,GL-160,4,,Not Started,Not Started,Yes,Valid currency data,Currency validation works
GL-165,General Ledger,Journal Management,Cross Validation,Enforce cross-validation rules,High,High,Not Started,GL-160,6,,Not Started,Not Started,Yes,Account combination rules,CVR enforced
GL-166,General Ledger,Journal Management,Budget Checking,Validate against budget and funds availability,Medium,High,Not Started,GL-160,7,,Not Started,Not Started,Yes,Budget control,Budget check works
GL-170,General Ledger,Journal Management,Journal Approval,Submit journals for approval workflow,High,High,Not Started,GL-130,8,,Not Started,Not Started,Yes,Journal control,Approval workflow functional
GL-171,General Ledger,Journal Management,Multi-Level Approval,Support multiple approval levels,Medium,High,Not Started,GL-170,6,,Not Started,Not Started,Yes,Segregation of duties,Multiple levels work
GL-172,General Ledger,Journal Management,Approval Routing,Route journals based on rules (amount category),Medium,High,Not Started,GL-170,6,,Not Started,Not Started,Yes,Smart routing,Routing rules work
GL-173,General Ledger,Journal Management,Approval Notifications,Send email notifications for pending approvals,Medium,Medium,Not Started,GL-170,5,,Not Started,Not Started,Yes,Timely approvals,Notifications sent
GL-174,General Ledger,Journal Management,Approval Rejection,Reject journals with comments,High,Medium,Not Started,GL-170,4,,Not Started,Not Started,Yes,Quality control,Rejection works
GL-175,General Ledger,Journal Management,Approval History,Maintain complete approval audit trail,High,Medium,Not Started,GL-170,4,,Not Started,Not Started,Yes,Audit compliance,History tracked
GL-180,General Ledger,Journal Management,Journal Posting,Post approved journals to GL,Critical,High,Not Started,GL-160 GL-170,10,,Not Started,Not Started,Yes,Commit transactions,Posting functional
GL-181,General Ledger,Journal Management,Individual Posting,Post individual journals,Critical,Medium,Not Started,GL-180,5,,Not Started,Not Started,Yes,Single journal posting,Individual posting works
GL-182,General Ledger,Journal Management,Batch Posting,Post journals in batches,High,Medium,Not Started,GL-180,5,,Not Started,Not Started,Yes,Efficient bulk posting,Batch posting works
GL-183,General Ledger,Journal Management,Automatic Posting,Auto-post journals based on rules,Medium,High,Not Started,GL-180,6,,Not Started,Not Started,Yes,Automated processing,Auto-posting works
GL-184,General Ledger,Journal Management,Posting Validation,Final validation at posting time,Critical,Medium,Not Started,GL-180,5,,Not Started,Not Started,Yes,Posting integrity,Validation enforced
GL-185,General Ledger,Journal Management,Posting Errors,Handle and report posting errors,High,Medium,Not Started,GL-180,5,,Not Started,Not Started,Yes,Error recovery,Error handling works
GL-186,General Ledger,Journal Management,Balance Updates,Update account balances in real-time,Critical,High,Not Started,GL-180,7,,Not Started,Not Started,Yes,Current balances,Real-time updates work
GL-187,General Ledger,Journal Management,Summarization,Support summarized posting for high volumes,Medium,High,Not Started,GL-180,6,,Not Started,Not Started,Yes,Performance optimization,Summarization works
GL-190,General Ledger,Journal Management,Journal Reversal,Reverse posted journals,High,Medium,Not Started,GL-180,6,,Not Started,Not Started,Yes,Error correction,Reversal functional
GL-191,General Ledger,Journal Management,Manual Reversal,Manually reverse journals,High,Low,Not Started,GL-190,3,,Not Started,Not Started,Yes,User-initiated reversal,Manual reversal works
GL-192,General Ledger,Journal Management,Automatic Reversal,Auto-reverse journals in next period,High,Medium,Not Started,GL-190,5,,Not Started,Not Started,Yes,Accrual reversal,Auto-reversal works
GL-193,General Ledger,Journal Management,Reversal Tracking,Track original and reversal journal relationships,High,Medium,Not Started,GL-190,4,,Not Started,Not Started,Yes,Audit trail,Tracking functional
GL-200,General Ledger,Journal Management,Import Journals,Import journals from external systems,High,High,Not Started,GL-120,8,,Not Started,Not Started,Yes,System integration,Import functional
GL-201,General Ledger,Journal Management,File Import,Import from CSV Excel XML files,High,Medium,Not Started,GL-200,6,,Not Started,Not Started,Yes,File-based integration,File import works
GL-202,General Ledger,Journal Management,API Import,Import via REST APIs,High,High,Not Started,GL-200,8,,Not Started,Not Started,Yes,Real-time integration,API import works
GL-203,General Ledger,Journal Management,Import Validation,Validate imported journal data,High,High,Not Started,GL-200,6,,Not Started,Not Started,Yes,Data quality,Validation works
GL-204,General Ledger,Journal Management,Import Errors,Handle and report import errors,High,Medium,Not Started,GL-200,5,,Not Started,Not Started,Yes,Error recovery,Error handling works
GL-210,General Ledger,Period Close,Period Close Checklist,Define and manage period close tasks,High,High,Not Started,GL-070,8,,Not Started,Not Started,Yes,Structured close process,Checklist functional
GL-211,General Ledger,Period Close,Task Definition,Define period close tasks and sequence,High,Medium,Not Started,GL-210,5,,Not Started,Not Started,Yes,Close task setup,Tasks defined
GL-212,General Ledger,Period Close,Task Assignment,Assign tasks to users/roles,High,Medium,Not Started,GL-210,4,,Not Started,Not Started,Yes,Responsibility assignment,Assignments work
GL-213,General Ledger,Period Close,Task Dependencies,Define task dependencies and prerequisites,Medium,Medium,Not Started,GL-210,5,,Not Started,Not Started,Yes,Sequential execution,Dependencies enforced
GL-214,General Ledger,Period Close,Task Status Tracking,Track completion status of close tasks,High,Medium,Not Started,GL-210,5,,Not Started,Not Started,Yes,Progress monitoring,Status tracked
GL-215,General Ledger,Period Close,Task Notifications,Send notifications for pending tasks,Medium,Medium,Not Started,GL-210,4,,Not Started,Not Started,Yes,Timely completion,Notifications sent
GL-216,General Ledger,Period Close,Close Calendar,Maintain period close schedule calendar,Medium,Medium,Not Started,GL-210,4,,Not Started,Not Started,Yes,Close planning,Calendar maintained
GL-220,General Ledger,Period Close,Account Reconciliation,Reconcile GL accounts,High,High,Not Started,GL-040,7,,Not Started,Not Started,Yes,Account accuracy,Reconciliation works
GL-221,General Ledger,Period Close,Reconciliation Templates,Create reconciliation templates by account,Medium,Medium,Not Started,GL-220,5,,Not Started,Not Started,Yes,Standard reconciliations,Templates work
GL-222,General Ledger,Period Close,Reconciliation Assignment,Assign reconciliations to accountants,Medium,Low,Not Started,GL-220,3,,Not Started,Not Started,Yes,Responsibility assignment,Assignment works
GL-223,General Ledger,Period Close,Balance Comparison,Compare and analyze balances,High,Medium,Not Started,GL-220,5,,Not Started,Not Started,Yes,Variance identification,Comparison works
GL-224,General Ledger,Period Close,Variance Analysis,Analyze and explain variances,Medium,Medium,Not Started,GL-223,5,,Not Started,Not Started,Yes,Exception investigation,Analysis works
GL-225,General Ledger,Period Close,Supporting Documentation,Attach supporting documents to reconciliations,Medium,Low,Not Started,GL-220,4,,Not Started,Not Started,Yes,Audit evidence,Attachments work
GL-226,General Ledger,Period Close,Reconciliation Approval,Approve completed reconciliations,High,Medium,Not Started,GL-220,5,,Not Started,Not Started,Yes,Quality assurance,Approval works
GL-230,General Ledger,Period Close,Subledger Validation,Validate subledger transfer completion,Critical,Medium,Not Started,GL-200,5,,Not Started,Not Started,Yes,Complete data transfer,Validation works
GL-231,General Ledger,Period Close,Subledger Reconciliation,Reconcile subledger to GL,Critical,High,Not Started,GL-230,7,,Not Started,Not Started,Yes,Data integrity,Reconciliation works
GL-240,General Ledger,Consolidation,Consolidation Hierarchy,Define consolidation hierarchies,High,High,Not Started,GL-002,8,,Not Started,Not Started,Yes,Multi-entity rollup,Hierarchy works
GL-241,General Ledger,Consolidation,Parent-Child Relationships,Maintain parent-child entity relationships,High,Medium,Not Started,GL-240,5,,Not Started,Not Started,Yes,Ownership structure,Relationships work
GL-242,General Ledger,Consolidation,Ownership Percentages,Track ownership percentages,High,Medium,Not Started,GL-241,4,,Not Started,Not Started,Yes,Partial ownership,Percentages tracked
GL-243,General Ledger,Consolidation,Minority Interest,Calculate minority interest,Medium,High,Not Started,GL-242,6,,Not Started,Not Started,Yes,Non-controlling interest,Calculation works
GL-244,General Ledger,Consolidation,Equity Method,Support equity method accounting,Medium,High,Not Started,GL-242,7,,Not Started,Not Started,Yes,Investment accounting,Equity method works
GL-250,General Ledger,Consolidation,Balance Rollup,Roll up balances across entities,High,High,Not Started,GL-240,8,,Not Started,Not Started,Yes,Consolidated balances,Rollup works
GL-251,General Ledger,Consolidation,Currency Translation,Translate foreign subsidiary balances,High,High,Not Started,GL-250 GL-091,8,,Not Started,Not Started,Yes,Multi-currency consolidation,Translation works
GL-252,General Ledger,Consolidation,Translation Adjustments,Track cumulative translation adjustments,Medium,High,Not Started,GL-251,6,,Not Started,Not Started,Yes,AOCI component,Adjustments tracked
GL-260,General Ledger,Consolidation,Elimination Entries,Create intercompany elimination entries,High,High,Not Started,GL-240,8,,Not Started,Not Started,Yes,IC elimination,Eliminations work
GL-261,General Ledger,Consolidation,Elimination Sets,Define sets of elimination rules,Medium,High,Not Started,GL-260,6,,Not Started,Not Started,Yes,Reusable eliminations,Sets work
GL-262,General Ledger,Consolidation,Consolidation Adjustments,Post consolidation adjustment journals,High,Medium,Not Started,GL-260,5,,Not Started,Not Started,Yes,Consolidated adjustments,Adjustments work
GL-263,General Ledger,Consolidation,Consolidation Reporting,Generate consolidated financial statements,High,High,Not Started,GL-250,8,,Not Started,Not Started,Yes,Consolidated reporting,Reports generated
GL-270,General Ledger,Allocations,Allocation Rules,Define allocation rules and formulas,High,High,Not Started,GL-040,8,,Not Started,Not Started,Yes,Cost distribution,Rules functional
GL-271,General Ledger,Allocations,Allocation Pools,Define source pools for allocation,Medium,Medium,Not Started,GL-270,5,,Not Started,Not Started,Yes,Allocation sources,Pools defined
GL-272,General Ledger,Allocations,Allocation Targets,Define target accounts for allocation,Medium,Medium,Not Started,GL-270,5,,Not Started,Not Started,Yes,Allocation destinations,Targets defined
GL-273,General Ledger,Allocations,Allocation Basis,Define allocation basis/drivers (headcount sqft revenue),High,Medium,Not Started,GL-270,6,,Not Started,Not Started,Yes,Fair allocation,Basis configured
GL-274,General Ledger,Allocations,Allocation Formulas,Create allocation formulas and calculations,High,High,Not Started,GL-270,7,,Not Started,Not Started,Yes,Complex allocations,Formulas work
GL-280,General Ledger,Allocations,Fixed Percentage Allocation,Allocate using fixed percentages,High,Medium,Not Started,GL-270,5,,Not Started,Not Started,Yes,Simple allocation,Fixed % works
GL-281,General Ledger,Allocations,Variable Allocation,Allocate using variable basis,High,High,Not Started,GL-273,6,,Not Started,Not Started,Yes,Dynamic allocation,Variable allocation works
GL-282,General Ledger,Allocations,Step-Down Allocation,Support step-down allocation methods,Medium,High,Not Started,GL-270,7,,Not Started,Not Started,Yes,Departmental allocations,Step-down works
GL-283,General Ledger,Allocations,Reciprocal Allocation,Support reciprocal allocation methods,Medium,High,Not Started,GL-270,8,,Not Started,Not Started,Yes,Mutual service allocations,Reciprocal works
GL-290,General Ledger,Allocations,Allocation Execution,Execute allocation processes,High,High,Not Started,GL-270,7,,Not Started,Not Started,Yes,Generate allocation journals,Execution works
GL-291,General Ledger,Allocations,Allocation Scheduling,Schedule automatic allocation execution,Medium,Medium,Not Started,GL-290,5,,Not Started,Not Started,Yes,Automated allocations,Scheduling works
GL-292,General Ledger,Allocations,Allocation Journals,Generate allocation journals,High,Medium,Not Started,GL-290,6,,Not Started,Not Started,Yes,Allocation posting,Journals generated
GL-293,General Ledger,Allocations,Allocation Reversal,Reverse allocation entries,Medium,Low,Not Started,GL-292,4,,Not Started,Not Started,Yes,Correction capability,Reversal works
GL-294,General Ledger,Allocations,Allocation Reporting,Report on allocation results,Medium,Medium,Not Started,GL-290,5,,Not Started,Not Started,Yes,Allocation transparency,Reports available
GL-300,General Ledger,Revaluation,Foreign Currency Revaluation,Revalue foreign currency balances,High,High,Not Started,GL-100 GL-091,8,,Not Started,Not Started,Yes,Period-end revaluation,Revaluation works
GL-301,General Ledger,Revaluation,Account Selection,Select accounts for revaluation,High,Medium,Not Started,GL-300,4,,Not Started,Not Started,Yes,Targeted revaluation,Selection works
GL-302,General Ledger,Revaluation,Revaluation Rates,Use period-end rates for revaluation,High,Medium,Not Started,GL-300 GL-091,5,,Not Started,Not Started,Yes,Current rate application,Rates applied
GL-303,General Ledger,Revaluation,Unrealized Gain/Loss,Calculate unrealized gains and losses,High,High,Not Started,GL-300,7,,Not Started,Not Started,Yes,Mark-to-market,Calculation works
GL-304,General Ledger,Revaluation,Revaluation Accounts,Post to designated revaluation accounts,High,Medium,Not Started,GL-300,5,,Not Started,Not Started,Yes,Proper GL impact,Accounts configured
GL-305,General Ledger,Revaluation,Revaluation Journals,Generate revaluation journals,High,Medium,Not Started,GL-300,6,,Not Started,Not Started,Yes,Automated journal creation,Journals generated
GL-306,General Ledger,Revaluation,Revaluation Reversal,Reverse revaluation in next period,Medium,Medium,Not Started,GL-305,5,,Not Started,Not Started,Yes,Temporary revaluation,Reversal works
GL-307,General Ledger,Revaluation,Revaluation History,Maintain revaluation history and audit trail,Medium,Medium,Not Started,GL-300,5,,Not Started,Not Started,Yes,Historical tracking,History maintained
GL-308,General Ledger,Revaluation,Revaluation Reporting,Report revaluation impacts,Medium,Medium,Not Started,GL-300,5,,Not Started,Not Started,Yes,Revaluation transparency,Reports available
GL-320,General Ledger,Intercompany,Intercompany Segment,Define intercompany segment in COA,High,Medium,Not Started,GL-011,4,,Not Started,Not Started,Yes,IC identification,IC segment configured
GL-321,General Ledger,Intercompany,Trading Partners,Maintain trading partner definitions,High,Low,Not Started,GL-320,3,,Not Started,Not Started,Yes,IC partner tracking,Partners defined
GL-322,General Ledger,Intercompany,IC Accounts,Define intercompany accounts (Due to/from),High,Medium,Not Started,GL-320,4,,Not Started,Not Started,Yes,IC balances,IC accounts configured
GL-330,General Ledger,Intercompany,IC Balancing,Automatic intercompany balancing entries,High,High,Not Started,GL-320,8,,Not Started,Not Started,Yes,Auto-balanced IC transactions,Balancing works
GL-331,General Ledger,Intercompany,Balancing Rules,Define balancing segment value rules,High,High,Not Started,GL-330,6,,Not Started,Not Started,Yes,IC balancing logic,Rules enforced
GL-332,General Ledger,Intercompany,Default IC Accounts,Configure default IC clearing accounts,High,Medium,Not Started,GL-330,4,,Not Started,Not Started,Yes,Auto IC accounts,Defaults work
GL-333,General Ledger,Intercompany,Sender-Receiver Method,Implement sender-receiver IC methodology,Medium,High,Not Started,GL-330,7,,Not Started,Not Started,Yes,IC transaction matching,Method works
GL-340,General Ledger,Intercompany,IC Reconciliation,Reconcile intercompany balances,High,High,Not Started,GL-322,8,,Not Started,Not Started,Yes,Balanced IC accounts,Reconciliation works
GL-341,General Ledger,Intercompany,IC Transaction Matching,Match IC transactions between entities,Medium,High,Not Started,GL-340,7,,Not Started,Not Started,Yes,Transaction alignment,Matching works
GL-342,General Ledger,Intercompany,IC Settlement,Process IC settlement transactions,Medium,Medium,Not Started,GL-340,6,,Not Started,Not Started,Yes,IC account clearance,Settlement works
GL-343,General Ledger,Intercompany,IC Reporting,Report IC balances and transactions,High,Medium,Not Started,GL-322,6,,Not Started,Not Started,Yes,IC transparency,Reports available
GL-350,General Ledger,Budget Management,Budget Definition,Define budgets with hierarchy and structure,High,High,Not Started,GL-040,8,,Not Started,Not Started,Yes,Budget planning,Budgets defined
GL-351,General Ledger,Budget Management,Budget Types,Support multiple budget types (Annual Revised Supplementary),High,Medium,Not Started,GL-350,5,,Not Started,Not Started,Yes,Budget versions,Types supported
GL-352,General Ledger,Budget Management,Budget Periods,Define budget periods (Annual Quarterly Monthly),High,Medium,Not Started,GL-350 GL-060,5,,Not Started,Not Started,Yes,Time-phased budgets,Periods configured
GL-353,General Ledger,Budget Management,Budget Accounts,Select accounts for budgeting,High,Medium,Not Started,GL-350,4,,Not Started,Not Started,Yes,Budget scope,Accounts selected
GL-354,General Ledger,Budget Management,Budget Amounts,Enter and maintain budget amounts,High,Medium,Not Started,GL-350,6,,Not Started,Not Started,Yes,Budget data entry,Amounts captured
GL-360,General Ledger,Budget Management,Budget Versions,Maintain multiple budget versions,Medium,Medium,Not Started,GL-350,5,,Not Started,Not Started,Yes,Budget scenarios,Versions supported
GL-361,General Ledger,Budget Management,Budget Scenarios,Create budget scenarios for planning,Medium,Medium,Not Started,GL-360,5,,Not Started,Not Started,Yes,What-if analysis,Scenarios work
GL-362,General Ledger,Budget Management,Budget Templates,Create budget templates for efficiency,Medium,Medium,Not Started,GL-350,5,,Not Started,Not Started,Yes,Streamlined budgeting,Templates work
GL-370,General Ledger,Budget Management,Budget Upload,Upload budget data from Excel/files,High,Medium,Not Started,GL-350,6,,Not Started,Not Started,Yes,Bulk budget entry,Upload works
GL-371,General Ledger,Budget Management,Budget Download,Download budget data to Excel,Medium,Low,Not Started,GL-350,4,,Not Started,Not Started,Yes,Budget extraction,Download works
GL-372,General Ledger,Budget Management,Budget Journals,Post budget journals,High,Medium,Not Started,GL-350 GL-130,6,,Not Started,Not Started,Yes,Budget commitment,Journals work
GL-380,General Ledger,Budget Management,Budget Approval,Workflow for budget approval,Medium,High,Not Started,GL-350,7,,Not Started,Not Started,Yes,Budget authorization,Approval works
GL-381,General Ledger,Budget Management,Budget Inquiry,Query budget balances and details,High,Medium,Not Started,GL-350,5,,Not Started,Not Started,Yes,Budget visibility,Inquiry works
GL-382,General Ledger,Budget Management,Budget vs Actual,Compare budget to actual spending,High,High,Not Started,GL-350 GL-180,7,,Not Started,Not Started,Yes,Performance monitoring,Comparison works
GL-383,General Ledger,Budget Management,Budget Variance,Calculate and analyze budget variances,High,High,Not Started,GL-382,6,,Not Started,Not Started,Yes,Exception reporting,Variance analysis works
GL-390,General Ledger,Budget Management,Funds Control,Budget checking and enforcement,Medium,High,Not Started,GL-350,8,,Not Started,Not Started,Yes,Budget compliance,Funds control works
GL-391,General Ledger,Budget Management,Funds Checking,Real-time budget checking on journals,Medium,High,Not Started,GL-390 GL-160,7,,Not Started,Not Started,Yes,Prevent overspending,Checking works
GL-392,General Ledger,Budget Management,Funds Reservation,Reserve budget for commitments,Medium,High,Not Started,GL-390,7,,Not Started,Not Started,Yes,Budget encumbrance,Reservation works
GL-393,General Ledger,Budget Management,Budget Override,Allow override of budget constraints,Medium,Medium,Not Started,GL-391,5,,Not Started,Not Started,Yes,Controlled exceptions,Override works
GL-394,General Ledger,Budget Management,Budget Tolerance,Configure budget tolerance rules,Medium,Medium,Not Started,GL-390,5,,Not Started,Not Started,Yes,Flexible control,Tolerance works
GL-400,General Ledger,Reporting,Balance Sheet,Generate balance sheet reports,Critical,High,Not Started,GL-180,8,,Not Started,Not Started,Yes,Financial position,Balance sheet works
GL-401,General Ledger,Reporting,Income Statement,Generate income statement (P&L) reports,Critical,High,Not Started,GL-180,8,,Not Started,Not Started,Yes,Financial performance,Income statement works
GL-402,General Ledger,Reporting,Cash Flow Statement,Generate cash flow statements,High,High,Not Started,GL-180,9,,Not Started,Not Started,Yes,Cash movement,Cash flow works
GL-403,General Ledger,Reporting,Trial Balance,Generate trial balance reports,Critical,Medium,Not Started,GL-180,6,,Not Started,Not Started,Yes,Account balances,Trial balance works
GL-404,General Ledger,Reporting,Statement of Equity,Generate statement of changes in equity,Medium,High,Not Started,GL-180,7,,Not Started,Not Started,Yes,Equity movement,Equity statement works
GL-410,General Ledger,Reporting,GL Detail Report,Detailed general ledger transaction report,High,Medium,Not Started,GL-180,6,,Not Started,Not Started,Yes,Transaction detail,Detail report works
GL-411,General Ledger,Reporting,Journal Register,Posted journal register report,High,Medium,Not Started,GL-180,5,,Not Started,Not Started,Yes,Journal audit trail,Register works
GL-412,General Ledger,Reporting,Account Analysis,Account analysis and drill-down,High,High,Not Started,GL-180,7,,Not Started,Not Started,Yes,Account investigation,Analysis works
GL-413,General Ledger,Reporting,Transaction Drill-down,Drill-down from balances to transactions,High,High,Not Started,GL-180,7,,Not Started,Not Started,Yes,Transaction traceability,Drill-down works
GL-414,General Ledger,Reporting,Audit Trail Report,Complete audit trail of transactions,High,Medium,Not Started,GL-180,6,,Not Started,Not Started,Yes,Audit compliance,Audit trail works
GL-420,General Ledger,Reporting,Comparative Statements,Generate comparative financial statements,High,High,Not Started,GL-400,7,,Not Started,Not Started,Yes,Period comparison,Comparative reports work
GL-421,General Ledger,Reporting,Consolidated Statements,Generate consolidated financial statements,High,High,Not Started,GL-250 GL-400,9,,Not Started,Not Started,Yes,Group reporting,Consolidated reports work
GL-422,General Ledger,Reporting,Multi-Currency Reports,Reports in multiple currencies,Medium,High,Not Started,GL-100 GL-400,8,,Not Started,Not Started,Yes,Currency flexibility,Multi-currency reports work
GL-430,General Ledger,Reporting,Custom Reports,Build custom reports with report builder,Medium,High,Not Started,GL-180,10,,Not Started,Not Started,Yes,Flexible reporting,Report builder works
GL-431,General Ledger,Reporting,Report Scheduling,Schedule automatic report generation,Medium,Medium,Not Started,GL-400,6,,Not Started,Not Started,Yes,Automated reporting,Scheduling works
GL-432,General Ledger,Reporting,Report Export,Export reports to Excel PDF formats,High,Medium,Not Started,GL-400,5,,Not Started,Not Started,Yes,Report distribution,Export works
GL-440,General Ledger,Reporting,Financial Dashboard,Interactive financial dashboards,Medium,High,Not Started,GL-180,9,,Not Started,Not Started,Yes,Executive visibility,Dashboard works
GL-441,General Ledger,Reporting,KPI Tracking,Track and display key performance indicators,Medium,High,Not Started,GL-180,8,,Not Started,Not Started,Yes,Performance monitoring,KPI tracking works
GL-450,General Ledger,Analytics,Trend Analysis,Analyze financial trends over time,Medium,High,Not Started,GL-180,8,,Not Started,Not Started,Yes,Pattern identification,Trend analysis works
GL-451,General Ledger,Analytics,Variance Analysis,Analyze variances (budget actual prior period),High,High,Not Started,GL-382,7,,Not Started,Not Started,Yes,Exception analysis,Variance analysis works
GL-452,General Ledger,Analytics,Ratio Analysis,Calculate and track financial ratios,Medium,High,Not Started,GL-180,7,,Not Started,Not Started,Yes,Financial health metrics,Ratio analysis works
GL-453,General Ledger,Analytics,Profitability Analysis,Analyze profitability by dimensions,Medium,High,Not Started,GL-180,8,,Not Started,Not Started,Yes,Profit drivers,Profitability analysis works
GL-454,General Ledger,Analytics,Cost Center Analysis,Analyze costs by cost center,Medium,Medium,Not Started,GL-180,6,,Not Started,Not Started,Yes,Cost management,Cost analysis works
GL-455,General Ledger,Analytics,Segment Analysis,Multi-dimensional segment analysis,Medium,High,Not Started,GL-180,8,,Not Started,Not Started,Yes,Dimensional reporting,Segment analysis works
GL-500,General Ledger,Security,User Setup,Create and maintain user accounts,Critical,Medium,Not Started,,5,,Not Started,Not Started,Yes,User management,Users created
GL-501,General Ledger,Security,User Roles,Define and assign user roles,Critical,Medium,Not Started,GL-500,5,,Not Started,Not Started,Yes,Role-based access,Roles assigned
GL-502,General Ledger,Security,Password Management,Manage user passwords and security,High,Low,Not Started,GL-500,3,,Not Started,Not Started,Yes,Account security,Password policy enforced
GL-503,General Ledger,Security,User Groups,Create and manage user groups,Medium,Low,Not Started,GL-500,3,,Not Started,Not Started,Yes,Group management,Groups functional
GL-510,General Ledger,Security,Ledger Security,Control access to ledgers,High,Medium,Not Started,GL-040,5,,Not Started,Not Started,Yes,Data segregation,Ledger access controlled
GL-511,General Ledger,Security,Business Unit Security,Control access to business units,High,Medium,Not Started,GL-004,5,,Not Started,Not Started,Yes,BU data access,BU security enforced
GL-512,General Ledger,Security,Legal Entity Security,Control access to legal entities,High,Medium,Not Started,GL-002,5,,Not Started,Not Started,Yes,Entity data access,LE security enforced
GL-520,General Ledger,Security,Account Security,Control access to account segments/values,Medium,High,Not Started,GL-040,6,,Not Started,Not Started,Yes,Account-level security,Account access controlled
GL-521,General Ledger,Security,Segment Value Security,Security on individual segment values,Medium,High,Not Started,GL-023,6,,Not Started,Not Started,Yes,Value-level security,Segment security works
GL-530,General Ledger,Security,Function Security,Control access to functions and menus,Critical,Medium,Not Started,GL-501,6,,Not Started,Not Started,Yes,Function authorization,Function access controlled
GL-531,General Ledger,Security,Menu Access,Control menu and screen access,High,Medium,Not Started,GL-530,5,,Not Started,Not Started,Yes,UI access control,Menu access works
GL-532,General Ledger,Security,Report Access,Control access to reports,High,Medium,Not Started,GL-530,5,,Not Started,Not Started,Yes,Report authorization,Report access controlled
GL-533,General Ledger,Security,Posting Privileges,Control who can post journals,Critical,Medium,Not Started,GL-530,5,,Not Started,Not Started,Yes,Posting authorization,Post privileges enforced
GL-534,General Ledger,Security,Approval Authority,Define approval authority limits,High,Medium,Not Started,GL-530,5,,Not Started,Not Started,Yes,Approval authorization,Authority limits work
GL-540,General Ledger,Security,Audit Trail,Maintain complete audit trail,Critical,High,Not Started,GL-180,8,,Not Started,Not Started,Yes,Audit compliance,Audit trail complete
GL-541,General Ledger,Security,User Audit,Track user actions and changes,High,Medium,Not Started,GL-540,5,,Not Started,Not Started,Yes,User accountability,User audit works
GL-542,General Ledger,Security,Transaction Audit,Track all transaction changes,High,Medium,Not Started,GL-540,5,,Not Started,Not Started,Yes,Transaction history,Transaction audit works
GL-543,General Ledger,Security,Setup Audit,Track setup and configuration changes,High,Medium,Not Started,GL-540,5,,Not Started,Not Started,Yes,Configuration control,Setup audit works
GL-544,General Ledger,Security,Login Audit,Track user login/logout activity,Medium,Low,Not Started,GL-540,3,,Not Started,Not Started,Yes,Access monitoring,Login audit works
GL-545,General Ledger,Security,Who Columns,Maintain created/updated by and date columns,High,Low,Not Started,GL-540,3,,Not Started,Not Started,Yes,Change tracking,Who columns maintained
GL-600,General Ledger,Integration,Subledger Integration,Integrate with subledger modules,Critical,High,Not Started,GL-200,10,,Not Started,Not Started,Yes,End-to-end flow,Subledger integration works
GL-601,General Ledger,Integration,AP Integration,Integrate with Accounts Payable,Critical,High,Not Started,GL-600,8,,Not Started,Not Started,Yes,AP to GL flow,AP integration works
GL-602,General Ledger,Integration,AR Integration,Integrate with Accounts Receivable,Critical,High,Not Started,GL-600,8,,Not Started,Not Started,Yes,AR to GL flow,AR integration works
GL-603,General Ledger,Integration,FA Integration,Integrate with Fixed Assets,Critical,High,Not Started,GL-600,8,,Not Started,Not Started,Yes,FA to GL flow,FA integration works
GL-604,General Ledger,Integration,CM Integration,Integrate with Cash Management,Critical,High,Not Started,GL-600,8,,Not Started,Not Started,Yes,CM to GL flow,CM integration works
GL-610,General Ledger,Integration,API Integration,Provide REST APIs for external systems,High,High,Not Started,,10,,Not Started,Not Started,Yes,External integration,APIs functional
GL-611,General Ledger,Integration,Webhook Support,Support webhooks for event notifications,Medium,High,Not Started,GL-610,7,,Not Started,Not Started,Yes,Event-driven integration,Webhooks work
GL-612,General Ledger,Integration,File Integration,File-based integration (CSV Excel XML),High,Medium,Not Started,,6,,Not Started,Not Started,Yes,Batch integration,File integration works
GL-613,General Ledger,Integration,Web Services,SOAP/REST web services,Medium,High,Not Started,GL-610,8,,Not Started,Not Started,Yes,Service integration,Web services work
GL-620,General Ledger,Integration,Data Import,Import master and transaction data,High,High,Not Started,GL-612,8,,Not Started,Not Started,Yes,Data migration,Import works
GL-621,General Ledger,Integration,Data Export,Export data to external systems,Medium,Medium,Not Started,GL-612,6,,Not Started,Not Started,Yes,Data sharing,Export works
GL-622,General Ledger,Integration,Data Validation,Validate imported data,High,Medium,Not Started,GL-620,6,,Not Started,Not Started,Yes,Data quality,Validation works
GL-623,General Ledger,Integration,Error Handling,Handle integration errors gracefully,High,Medium,Not Started,GL-620,6,,Not Started,Not Started,Yes,Robust integration,Error handling works
GL-700,General Ledger,Technical,Performance,Support high-volume transactions,Critical,High,Not Started,,10,,Not Started,Not Started,Yes,System scalability,Performance requirements met
GL-701,General Ledger,Technical,Concurrent Users,Support 100+ concurrent users,Critical,High,Not Started,,8,,Not Started,Not Started,Yes,Multi-user support,Concurrent access works
GL-702,General Ledger,Technical,Real-time Balances,Provide real-time balance inquiry,High,High,Not Started,GL-180,7,,Not Started,Not Started,Yes,Current data,Real-time balances work
GL-703,General Ledger,Technical,Fast Period Close,Period close in under 2 hours,High,High,Not Started,GL-210,8,,Not Started,Not Started,Yes,Efficient closing,Close time met
GL-710,General Ledger,Technical,Data Retention,Maintain 5+ years of online history,Medium,Medium,Not Started,,6,,Not Started,Not Started,Yes,Historical data,Retention policy met
GL-711,General Ledger,Technical,Data Archival,Archive historical data,Medium,Medium,Not Started,GL-710,6,,Not Started,Not Started,Yes,Long-term storage,Archival works
GL-712,General Ledger,Technical,Backup and Recovery,Implement backup and recovery procedures,Critical,High,Not Started,,8,,Not Started,Not Started,Yes,Business continuity,Backup/recovery works
GL-720,General Ledger,Technical,Multi-Tenant,Multi-tenant architecture support,High,High,Not Started,,10,,Not Started,Not Started,Yes,SaaS capability,Multi-tenancy works
GL-721,General Ledger,Technical,Cloud Deployment,Cloud-ready deployment,High,High,Not Started,,8,,Not Started,Not Started,Yes,Cloud hosting,Cloud deployment works
GL-722,General Ledger,Technical,Scalability,Horizontal and vertical scalability,High,High,Not Started,,9,,Not Started,Not Started,Yes,Growth support,Scalability achieved
GL-723,General Ledger,Technical,High Availability,High availability architecture,High,High,Not Started,,9,,Not Started,Not Started,Yes,Uptime requirements,HA achieved
GL-800,General Ledger,Compliance,GAAP Support,Support GAAP accounting standards,Critical,Medium,Not Started,,6,,Not Started,Not Started,Yes,US GAAP compliance,GAAP supported
GL-801,General Ledger,Compliance,IFRS Support,Support IFRS accounting standards,Critical,Medium,Not Started,,6,,Not Started,Not Started,Yes,International standards,IFRS supported
GL-802,General Ledger,Compliance,Multi-GAAP,Support multiple accounting standards,Medium,High,Not Started,GL-800 GL-801,8,,Not Started,Not Started,Yes,Flexible accounting,Multi-GAAP works
GL-810,General Ledger,Compliance,SOX Compliance,Sarbanes-Oxley compliance features,Critical,High,Not Started,GL-540,8,,Not Started,Not Started,Yes,Regulatory compliance,SOX compliant
GL-811,General Ledger,Compliance,Audit Support,Support external audit requirements,High,Medium,Not Started,GL-540,6,,Not Started,Not Started,Yes,Audit readiness,Audit support complete
GL-812,General Ledger,Compliance,Regulatory Reporting,Support statutory and regulatory reporting,High,High,Not Started,GL-400,8,,Not Started,Not Started,Yes,Compliance reporting,Regulatory reports work
GL-813,General Ledger,Compliance,Tax Compliance,Support tax compliance requirements,High,High,Not Started,,8,,Not Started,Not Started,Yes,Tax reporting,Tax compliance met
HCM-001,HCM,Employee Master,Employee Records,Create and maintain employee master records,Critical,High,Not Started,UR-001,10,,,Yes,,Comprehensive employee data with effective dating
HCM-002,HCM,Employee Master,Demographic Info,Capture demographic data for compliance,High,Medium,Not Started,HCM-001,6,,,Yes,,EEO and diversity reporting data
HCM-003,HCM,Employee Master,Document Management,Attach and manage employee documents,Critical,High,Not Started,HCM-001,9,,,Yes,,Secure document storage with expiration tracking
HCM-010,HCM,Organization,Org Hierarchy,Define organizational structure and hierarchy,Critical,High,Not Started,GL-001,10,,,Yes,,Multi-level org structure with effective dating
HCM-011,HCM,Organization,Position Management,Manage positions as org building blocks,Critical,High,Not Started,HCM-010,11,,,Yes,,Position records with budgets and reporting
HCM-012,HCM,Organization,Job Management,Define jobs with competencies,Critical,High,Not Started,HCM-011,9,,,Yes,,Standardized job library with requirements
HCM-020,HCM,Compensation,Salary Administration,Manage employee compensation,Critical,High,Not Started,HCM-001,10,,,Yes,,Base salary and compensation changes
HCM-021,HCM,Compensation,Grade and Step,Define salary grades and steps,Critical,Medium,Not Started,HCM-020,7,,,Yes,,Structured grade table with ranges
HCM-022,HCM,Compensation,Bonus Incentive,Manage bonuses and incentives,High,High,Not Started,HCM-020,9,,,Yes,,Variable comp with performance linkage
HCM-030,HCM,Performance,Performance Reviews,Conduct employee evaluations,Critical,High,Not Started,HCM-001,11,,,Yes,,Review cycles with rating scales
HCM-031,HCM,Performance,Goal Management,Set and track employee goals,Critical,High,Not Started,HCM-030,10,,,Yes,,SMART goals aligned to objectives
HCM-032,HCM,Performance,Competency Assessment,Assess employee competencies,High,Medium,Not Started,HCM-012,8,,,Yes,,Competency gap analysis
HCM-040,HCM,Talent,Succession Planning,Identify and develop successors,High,High,Not Started,HCM-011,10,,,No,,Succession pipeline for key positions
HCM-041,HCM,Talent,Career Development,Support career planning,High,High,Not Started,HCM-012,9,,,No,,Career paths and development plans
HCM-042,HCM,Talent,Talent Review,Conduct talent assessments,High,Medium,Not Started,HCM-030,8,,,No,,9-box grid and calibration
HCM-050,HCM,Learning,Training Management,Manage training programs,High,High,Not Started,HCM-001,10,,,Yes,,Training catalog and enrollment
HCM-051,HCM,Learning,Certification Mgmt,Track certifications and licenses,High,Medium,Not Started,HCM-050,7,,,Yes,,Certification tracking with expiration alerts
HCM-060,HCM,Self-Service,Employee Portal,Employee self-service access,Critical,High,Not Started,HCM-001,12,,,Yes,,ESS for personal data and requests
HCM-061,HCM,Self-Service,Manager Portal,Manager self-service functions,Critical,High,Not Started,HCM-060,11,,,Yes,,MSS for team management
HCM-070,HCM,Workforce Admin,Hire Processing,Process new hire onboarding,Critical,High,Not Started,HCM-001,10,,,Yes,,Onboarding checklist and setup
HCM-071,HCM,Workforce Admin,Transfers Promotions,Process job changes,Critical,High,Not Started,HCM-011,9,,,Yes,,Effective dated transfers and promotions
HCM-072,HCM,Workforce Admin,Termination Processing,Process terminations and offboarding,Critical,High,Not Started,HCM-001,10,,,Yes,,Offboarding checklist and data archival
HCM-080,HCM,Analytics,Standard Reports,HR operational reports,Critical,Medium,Not Started,HCM-001,8,,,Yes,,Headcount turnover and compliance reports
HCM-081,HCM,Analytics,HR Analytics,Advanced workforce analytics,High,High,Not Started,HCM-080,10,,,No,,Dashboards with predictive metrics
HCM-090,HCM,Compliance,EEO Reporting,Equal employment opportunity compliance,Critical,Medium,Not Started,HCM-002,7,,,Yes,,EEO-1 and affirmative action reporting
HCM-091,HCM,Compliance,Labor Relations,Manage union relations,Medium,Medium,Not Started,HCM-001,7,,,Yes,,Bargaining units and grievances
HCM-100,HCM,Integration,Payroll Integration,Integration with Payroll module,Critical,High,Not Started,None,10,,,Yes,,Seamless data sync to payroll
HCM-101,HCM,Integration,Absence Integration,Integration with Absence module,Critical,High,Not Started,None,9,,,Yes,,Leave entitlements and balances
HCM-102,HCM,Integration,Recruitment Integration,Integration with Recruitment module,Critical,High,Not Started,None,9,,,Yes,,Open positions and new hire data
HCM-110,HCM,Security,HCM Security,Comprehensive HR data security,Critical,High,Not Started,UR-001,8,,,Yes,,Role-based access and data encryption
HCM-111,HCM,Security,Audit Trail,Audit trail for HR transactions,Critical,Medium,Not Started,HCM-110,6,,,Yes,,Complete change history logging
HCM-004,HCM,Employee Master,Contact Information,Manage employee contact details,Critical,Medium,Not Started,HCM-001,5,,,Yes,,Addresses phone email with effective dates
HCM-005,HCM,Employee Master,Emergency Contacts,Capture emergency contact info,High,Low,Not Started,HCM-001,3,,,Yes,,Emergency contacts with relationships
HCM-006,HCM,Employee Master,Work Authorization,Track work authorization and visas,High,Medium,Not Started,HCM-002,6,,,Yes,,I-9 visa and work permit tracking
HCM-013,HCM,Organization,Department Structure,Define department hierarchy,Critical,Medium,Not Started,HCM-010,6,,,Yes,,Multi-level department structure
HCM-014,HCM,Organization,Cost Center Assignment,Assign employees to cost centers,High,Medium,Not Started,GL-120,6,,,Yes,,Link to GL cost center structure
HCM-023,HCM,Compensation,Comp Planning,Annual compensation planning,High,High,Not Started,HCM-020,10,,,No,,Budget allocation and merit planning
HCM-024,HCM,Compensation,Equity Compensation,Manage stock options and RSUs,Medium,High,Not Started,HCM-020,9,,,No,,Stock grants vesting and exercise
HCM-033,HCM,Performance,360 Feedback,Multi-rater feedback process,Medium,High,Not Started,HCM-030,9,,,No,,Peer upward and stakeholder feedback
HCM-034,HCM,Performance,Calibration,Performance rating calibration,High,Medium,Not Started,HCM-030,7,,,No,,Cross-functional rating consistency
HCM-043,HCM,Talent,High Potential Program,Identify and develop high potentials,Medium,Medium,Not Started,HCM-042,7,,,No,,HiPo identification and development
HCM-044,HCM,Talent,Mentoring Program,Manage mentoring relationships,Low,Medium,Not Started,HCM-041,6,,,Yes,,Mentor-mentee matching and tracking
HCM-052,HCM,Learning,Learning Paths,Define structured learning paths,Medium,Medium,Not Started,HCM-050,7,,,Yes,,Curriculum design by role
HCM-053,HCM,Learning,External Training,Track external training,Medium,Low,Not Started,HCM-050,4,,,Yes,,Conferences and external courses
HCM-062,HCM,Self-Service,Mobile Access,Mobile app for ESS/MSS,High,High,Not Started,HCM-060,11,,,Yes,,Native mobile apps for employees
HCM-063,HCM,Self-Service,Personal Info Update,Employee updates own info,High,Medium,Not Started,HCM-060,6,,,Yes,,Self-service data changes with approval
HCM-073,HCM,Workforce Admin,Rehire Processing,Process employee rehires,High,Medium,Not Started,HCM-070,7,,,Yes,,Restore former employee data
HCM-074,HCM,Workforce Admin,Leave of Absence,Manage leave of absence,High,High,Not Started,HCM-101,8,,,Yes,,LOA types and return to work
HCM-082,HCM,Analytics,Turnover Analysis,Analyze employee turnover,High,Medium,Not Started,HCM-080,7,,,No,,Voluntary vs involuntary by demographics
HCM-083,HCM,Analytics,Headcount Planning,Workforce planning and forecasting,High,High,Not Started,HCM-081,9,,,No,,Predictive headcount models
HCM-092,HCM,Compliance,FMLA Tracking,Track FMLA leave,High,Medium,Not Started,HCM-074,7,,,Yes,,Federal and state family leave tracking
HCM-093,HCM,Compliance,ADA Accommodation,Track disability accommodations,Medium,Medium,Not Started,HCM-002,6,,,Yes,,Reasonable accommodation requests
HCM-007,HCM,Employee Master,Employee Photos,Upload and display employee photos,Low,Low,Not Started,HCM-001,3,,,Yes,,Photo upload for directory
HCM-015,HCM,Organization,Location Management,Manage work locations,High,Medium,Not Started,HCM-010,6,,,Yes,,Office locations and remote work
HCM-025,HCM,Compensation,Comp Statements,Generate total compensation statements,Medium,Medium,Not Started,HCM-020,6,,,Yes,,Annual statements showing total rewards
HCM-035,HCM,Performance,Probation Reviews,Manage probationary period reviews,High,Medium,Not Started,HCM-030,6,,,Yes,,30/60/90 day new hire evaluations
HCM-045,HCM,Talent,Talent Pools,Create and manage talent pools,Medium,Medium,Not Started,HCM-042,6,,,No,,Segment employees for programs
HCM-054,HCM,Learning,Training Budget,Track training budget and costs,Medium,Medium,Not Started,HCM-050,5,,,Yes,,Budget allocation and spend tracking
HCM-064,HCM,Self-Service,Time Off Requests,Request time off through ESS,Critical,Medium,Not Started,HCM-101,7,,,Yes,,Integration with absence management
HCM-075,HCM,Workforce Admin,Contingent Workers,Manage contractors and temps,High,High,Not Started,HCM-001,8,,,Yes,,Non-employee worker tracking
HCM-084,HCM,Analytics,Diversity Metrics,Diversity and inclusion analytics,High,Medium,Not Started,HCM-002,7,,,No,,D&I dashboards and scorecards
HCM-094,HCM,Compliance,I-9 Management,Electronic I-9 verification,Critical,High,Not Started,HCM-006,9,,,Yes,,E-Verify integration and compliance
HCM-008,HCM,Employee Master,Dependent Information,Capture dependent data,High,Medium,Not Started,HCM-001,5,,,Yes,,Dependents for benefits eligibility
HCM-016,HCM,Organization,Reporting Relationships,Define reporting structure,Critical,Medium,Not Started,HCM-011,6,,,Yes,,Direct and dotted line reporting
HCM-026,HCM,Compensation,Allowances,Manage employee allowances,Medium,Medium,Not Started,HCM-020,5,,,Yes,,Car phone and other allowances
HCM-036,HCM,Performance,Rating Scales,Configure performance rating scales,High,Low,Not Started,HCM-030,4,,,Yes,,Customizable rating scales
HCM-046,HCM,Talent,Job Rotation,Manage job rotation programs,Low,Medium,Not Started,HCM-041,6,,,Yes,,Temporary assignments for development
HCM-055,HCM,Learning,Skills Assessment,Assess employee skills,Medium,Medium,Not Started,HCM-032,6,,,Yes,,Skills inventory and gap analysis
HCM-065,HCM,Self-Service,Pay Stub Access,View pay stubs in ESS,Critical,Medium,Not Started,HCM-100,5,,,Yes,,Secure payslip access
HCM-076,HCM,Workforce Admin,Mass Updates,Bulk employee data updates,High,Medium,Not Started,HCM-001,7,,,Yes,,Mass change processing
HCM-085,HCM,Analytics,Compensation Analytics,Analyze compensation equity,High,High,Not Started,HCM-020,8,,,No,,Pay equity and market comparison
HCM-095,HCM,Compliance,Wage Hour Compliance,Track FLSA compliance,High,Medium,Not Started,HCM-012,6,,,Yes,,Exempt vs non-exempt classification
HCM-009,HCM,Employee Master,Previous Employment,Track employment history,Medium,Low,Not Started,HCM-001,4,,,Yes,,Prior employers for verification
HCM-017,HCM,Organization,Matrix Organization,Support matrix reporting,Medium,High,Not Started,HCM-016,8,,,Yes,,Multiple reporting relationships
HCM-027,HCM,Compensation,Long-Term Incentives,Manage LTI programs,Low,High,Not Started,HCM-024,9,,,No,,Multi-year incentive plans
HCM-037,HCM,Performance,Continuous Feedback,Enable ongoing feedback,Medium,Medium,Not Started,HCM-030,7,,,Yes,,Real-time recognition and feedback
HCM-047,HCM,Talent,Leadership Development,Leadership development programs,Medium,High,Not Started,HCM-050,8,,,No,,Emerging and executive leader programs
HCM-056,HCM,Learning,Compliance Training,Mandatory compliance training,High,Medium,Not Started,HCM-050,6,,,Yes,,Required training with tracking
HCM-066,HCM,Self-Service,Benefits Enrollment,Enroll in benefits through ESS,Critical,High,Not Started,HCM-060,9,,,Yes,,Open enrollment and life events
HCM-077,HCM,Workforce Admin,Employee Actions,Process personnel actions,High,High,Not Started,HCM-001,8,,,Yes,,Standardized employee change process
HCM-086,HCM,Analytics,Retention Analytics,Analyze retention and attrition,High,Medium,Not Started,HCM-082,7,,,No,,Predictive turnover modeling
HCM-096,HCM,Compliance,Background Checks,Track background screening,High,Medium,Not Started,HCM-070,6,,,Yes,,Pre-employment screening integration
HCM-018,HCM,Organization,Span of Control,Monitor manager span of control,Medium,Low,Not Started,HCM-016,4,,,Yes,,Track direct reports per manager
HCM-028,HCM,Compensation,Pay Transparency,Support pay transparency,Medium,Medium,Not Started,HCM-020,6,,,Yes,,Salary range disclosure
HCM-038,HCM,Performance,Performance Improvement,Manage performance improvement plans,High,Medium,Not Started,HCM-030,7,,,Yes,,PIP process and tracking
HCM-048,HCM,Talent,Critical Roles,Identify critical positions,Medium,Medium,Not Started,HCM-040,5,,,Yes,,Flag mission-critical roles
HCM-057,HCM,Learning,Training Evaluation,Evaluate training effectiveness,Medium,Medium,Not Started,HCM-050,5,,,No,,Kirkpatrick model evaluation
HCM-067,HCM,Self-Service,Company Directory,Searchable employee directory,High,Medium,Not Started,HCM-060,6,,,Yes,,Org chart and contact lookup
HCM-078,HCM,Workforce Admin,Position Control,Control headcount by position,High,High,Not Started,HCM-011,8,,,Yes,,Budget vs actual position tracking
HCM-087,HCM,Analytics,Time to Fill,Track recruitment time to fill,High,Medium,Not Started,HCM-102,5,,,Yes,,Days from req to start
HCM-097,HCM,Compliance,Drug Testing,Track drug screening,Medium,Medium,Not Started,HCM-070,5,,,Yes,,Pre-employment and random testing
HCM-019,HCM,Organization,Shared Services,Manage shared service centers,Low,Medium,Not Started,HCM-010,6,,,Yes,,Centralized HR service delivery
HCM-029,HCM,Compensation,Commission Plans,Manage sales commission plans,Medium,High,Not Started,HCM-022,10,,,No,,Complex commission calculations
HCM-039,HCM,Performance,Forced Distribution,Enforce rating distribution,Low,Medium,Not Started,HCM-034,6,,,Yes,,Forced ranking if required
HCM-049,HCM,Talent,Bench Strength,Measure succession bench strength,Medium,Low,Not Started,HCM-040,5,,,No,,Ready now coverage percentage
HCM-058,HCM,Learning,Learning Credits,Track learning hours/credits,Low,Low,Not Started,HCM-050,4,,,Yes,,Professional development hours
HCM-068,HCM,Self-Service,Document Access,Access HR documents in ESS,High,Medium,Not Started,HCM-060,5,,,Yes,,Handbook policies and forms
HCM-079,HCM,Workforce Admin,Global Assignment,Manage expatriates and global assignments,Medium,High,Not Started,HCM-001,10,,,No,,International assignees and localization
HCM-088,HCM,Analytics,Exit Interview Analytics,Analyze exit interview data,Medium,Medium,Not Started,HCM-072,6,,,No,,Reasons for leaving and trends
HCM-098,HCM,Compliance,Record Retention,Manage HR record retention,High,Medium,Not Started,HCM-111,6,,,Yes,,Automated retention and purging
HCM-020-1,HCM,Organization,Business Units,Link to business unit structure,Critical,Medium,Not Started,UR-041,6,,,Yes,,BU-based org and security
HCM-030-1,HCM,Compensation,Market Pricing,Benchmark salaries to market,Medium,High,Not Started,HCM-021,8,,,No,,Salary survey integration
HCM-040-1,HCM,Performance,OKR Management,Manage Objectives and Key Results,Medium,High,Not Started,HCM-031,8,,,Yes,,OKR framework and tracking
HCM-050-1,HCM,Talent,Internal Job Postings,Post jobs internally,High,Medium,Not Started,HCM-102,7,,,Yes,,Employee job applications
HCM-059,HCM,Learning,E-Learning Platform,Integrate with LMS,Medium,High,Not Started,HCM-050,10,,,Yes,,LMS integration for online training
HCM-069,HCM,Self-Service,Expense Reports,Submit expense reports in ESS,High,High,Not Started,AP-140,8,,,Yes,,Employee expense submission
HCM-080-1,HCM,Workforce Admin,Seasonal Workers,Manage seasonal workforce,Medium,Medium,Not Started,HCM-075,6,,,Yes,,Recurring seasonal hiring
HCM-089,HCM,Analytics,HR Scorecard,Executive HR scorecard,High,Medium,Not Started,HCM-081,7,,,No,,KPIs for leadership
HCM-099,HCM,Compliance,Whistleblower,Anonymous reporting mechanism,Medium,Medium,Not Started,HCM-003,6,,,Yes,,Ethics hotline and case management
HCM-021-1,HCM,Organization,Remote Work,Manage remote work arrangements,High,Medium,Not Started,HCM-015,6,,,Yes,,Remote hybrid and in-office tracking
HCM-031-1,HCM,Compensation,Spot Bonuses,Ad-hoc recognition bonuses,Medium,Low,Not Started,HCM-022,4,,,Yes,,Manager-initiated spot awards
HCM-041-1,HCM,Performance,Check-Ins,Regular manager-employee check-ins,Medium,Medium,Not Started,HCM-037,6,,,Yes,,1-on-1 meeting tracking
HCM-051-1,HCM,Talent,Talent Marketplace,Internal talent marketplace,Low,High,Not Started,HCM-050-1,10,,,No,,Gig-style internal projects
HCM-060-1,HCM,Learning,Micro-Learning,Support micro-learning modules,Low,Medium,Not Started,HCM-059,6,,,Yes,,Bite-sized learning content
HCM-070-1,HCM,Self-Service,Chatbot,HR chatbot for common questions,Low,High,Not Started,HCM-060,10,,,No,,AI-powered HR assistant
HCM-081-1,HCM,Workforce Admin,Workforce Segmentation,Segment workforce by attributes,Medium,Medium,Not Started,HCM-001,6,,,Yes,,Employee groups for analytics
HCM-090-1,HCM,Analytics,People Analytics,Advanced people analytics,Medium,High,Not Started,HCM-081,10,,,No,,ML-based workforce insights
HCM-100-1,HCM,Compliance,Data Privacy,GDPR and data privacy compliance,Critical,High,Not Started,HCM-110,9,,,Yes,,Right to access and erasure
HCM-022-1,HCM,Organization,Workforce Planning,Strategic workforce planning,Medium,High,Not Started,HCM-083,10,,,No,,Supply demand and gap analysis
HCM-032-1,HCM,Compensation,Profit Sharing,Manage profit sharing plans,Low,Medium,Not Started,HCM-022,6,,,Yes,,Annual profit distribution
HCM-042-1,HCM,Performance,Peer Recognition,Peer-to-peer recognition program,Medium,Medium,Not Started,HCM-037,6,,,Yes,,Social recognition platform
HCM-052-1,HCM,Talent,Talent Acquisition Marketing,Employer branding and talent marketing,Low,Medium,Not Started,HCM-102,6,,,No,,Careers site and content
HCM-061-1,HCM,Learning,Career Advisor,AI career development recommendations,Low,High,Not Started,HCM-041,9,,,No,,ML-based career guidance
HCM-071-1,HCM,Self-Service,Life Events,Process life event changes,High,Medium,Not Started,HCM-066,7,,,Yes,,Marriage birth divorce etc
HCM-082-1,HCM,Workforce Admin,Boomerang Employees,Manage returning employees,Low,Low,Not Started,HCM-073,4,,,Yes,,Alumni rehire program
HCM-091-1,HCM,Analytics,Flight Risk,Predict employee flight risk,Medium,High,Not Started,HCM-086,9,,,No,,Turnover prediction model
HCM-101-1,HCM,Compliance,SOX Compliance,SOX compliance for HR,Critical,Medium,Not Started,GL-280,6,,,Yes,,HR controls and segregation
INV-001,Inventory,Item Master,Item Creation,Create and maintain inventory item master,Critical,Medium,Not Started,PO-001,5,,Not Started,Not Started,Yes,Foundation for inventory,Items can be created
INV-002,Inventory,Item Master,Item Types,Support item types (Raw Material WIP Finished Goods),High,Low,Not Started,INV-001,3,,Not Started,Not Started,Yes,Item categorization,Types supported
INV-003,Inventory,Item Master,Item Status,Active Inactive Obsolete status management,High,Low,Not Started,INV-001,3,,Not Started,Not Started,Yes,Item lifecycle,Status changes work
INV-004,Inventory,Item Master,UOM Management,Unit of measure and conversions,Critical,Medium,Not Started,INV-001,5,,Not Started,Not Started,Yes,Quantity management,UOM functional
INV-005,Inventory,Item Master,Lot Control Flag,Enable lot control per item,High,Low,Not Started,INV-001,2,,Not Started,Not Started,Yes,Lot tracking,Flag set
INV-006,Inventory,Item Master,Serial Control Flag,Enable serial control per item,High,Low,Not Started,INV-001,2,,Not Started,Not Started,Yes,Serial tracking,Flag set
INV-007,Inventory,Item Master,ABC Classification,Assign ABC class to items,Medium,Low,Not Started,INV-001,3,,Not Started,Not Started,Yes,Item prioritization,Classification assigned
INV-008,Inventory,Item Master,Shelf Life,Define shelf life for items,Medium,Low,Not Started,INV-001,3,,Not Started,Not Started,Yes,Expiration tracking,Shelf life set
INV-010,Inventory,Item Planning,Safety Stock,Define safety stock levels,High,Low,Not Started,INV-001,3,,Not Started,Not Started,Yes,Stock planning,Safety stock set
INV-011,Inventory,Item Planning,Reorder Point,Set reorder point for replenishment,High,Medium,Not Started,INV-001,4,,Not Started,Not Started,Yes,Auto replenishment,Reorder point works
INV-012,Inventory,Item Planning,Min-Max Levels,Define minimum and maximum stock levels,High,Medium,Not Started,INV-001,4,,Not Started,Not Started,Yes,Stock planning,Min-Max set
INV-013,Inventory,Item Planning,Lead Time,Procurement and manufacturing lead times,High,Low,Not Started,INV-001,3,,Not Started,Not Started,Yes,Planning data,Lead times set
INV-014,Inventory,Item Planning,EOQ Calculation,Economic order quantity calculation,Medium,Medium,Not Started,INV-001,5,,Not Started,Not Started,Yes,Order optimization,EOQ calculated
INV-020,Inventory,Item Costing,Standard Cost,Maintain standard cost per item,Critical,Medium,Not Started,INV-001,5,,Not Started,Not Started,Yes,Inventory valuation,Standard cost set
INV-021,Inventory,Item Costing,Average Cost,Calculate moving average cost,Critical,High,Not Started,INV-001,7,,Not Started,Not Started,Yes,Valuation method,Average cost works
INV-022,Inventory,Item Costing,Cost Elements,Material Labor Overhead cost elements,Medium,Medium,Not Started,INV-020,5,,Not Started,Not Started,Yes,Cost breakdown,Elements tracked
INV-023,Inventory,Item Costing,Cost Update,Update standard costs with approval,High,High,Not Started,INV-020,7,,Not Started,Not Started,Yes,Cost management,Updates work
INV-030,Inventory,Warehouse,Warehouse Setup,Create and configure warehouses,Critical,Medium,Not Started,GL-004,5,,Not Started,Not Started,Yes,Inventory locations,Warehouses created
INV-031,Inventory,Warehouse,Warehouse Types,Distribution Center Store Plant types,Medium,Low,Not Started,INV-030,3,,Not Started,Not Started,Yes,Warehouse categorization,Types supported
INV-032,Inventory,Warehouse,Default Accounts,Inventory COGS Variance accounts,Critical,Medium,Not Started,INV-030 GL-040,5,,Not Started,Not Started,Yes,GL integration,Accounts assigned
INV-033,Inventory,Warehouse,Business Unit Assignment,Assign warehouse to business unit,High,Low,Not Started,INV-030 GL-004,3,,Not Started,Not Started,Yes,Organization structure,BU assignment works
INV-040,Inventory,Locations,Location Setup,Define storage locations within warehouse,High,Medium,Not Started,INV-030,6,,Not Started,Not Started,Yes,Warehouse organization,Locations created
INV-041,Inventory,Locations,Location Types,Storage Receiving Shipping Inspection types,High,Low,Not Started,INV-040,3,,Not Started,Not Started,Yes,Location categorization,Types supported
INV-042,Inventory,Locations,Location Capacity,Define location capacity and dimensions,Medium,Low,Not Started,INV-040,4,,Not Started,Not Started,Yes,Space management,Capacity tracked
INV-043,Inventory,Locations,ABC Zones,Assign locations to ABC zones,Medium,Low,Not Started,INV-040,3,,Not Started,Not Started,Yes,Pick optimization,Zones assigned
INV-044,Inventory,Locations,Pick Sequence,Define pick sequence for locations,Medium,Low,Not Started,INV-040,3,,Not Started,Not Started,Yes,Picking efficiency,Sequence set
INV-050,Inventory,Subinventories,Subinventory Setup,Create subinventories within warehouse,High,Medium,Not Started,INV-030,5,,Not Started,Not Started,Yes,Inventory segregation,Subinventories created
INV-051,Inventory,Subinventories,Asset vs Expense,Designate asset or expense subinventory,Critical,Low,Not Started,INV-050,3,,Not Started,Not Started,Yes,Accounting treatment,Classification set
INV-052,Inventory,Subinventories,Nettable Flag,Include in available quantity calculation,High,Low,Not Started,INV-050,2,,Not Started,Not Started,Yes,Availability calc,Flag enforced
INV-053,Inventory,Subinventories,Tracking Flags,Lot Serial tracking per subinventory,Medium,Low,Not Started,INV-050,3,,Not Started,Not Started,Yes,Subinv control,Tracking flags set
INV-060,Inventory,Transactions,Receipt Transaction,Record inventory receipts,Critical,High,Not Started,INV-001 PO-120,8,,Not Started,Not Started,Yes,Inventory inbound,Receipts processed
INV-061,Inventory,Transactions,Issue Transaction,Record inventory issues,Critical,High,Not Started,INV-001,8,,Not Started,Not Started,Yes,Inventory outbound,Issues processed
INV-062,Inventory,Transactions,Transfer Transaction,Record inventory transfers,High,High,Not Started,INV-001,7,,Not Started,Not Started,Yes,Stock movement,Transfers processed
INV-063,Inventory,Transactions,Adjustment Transaction,Record inventory adjustments,High,Medium,Not Started,INV-001,6,,Not Started,Not Started,Yes,Inventory corrections,Adjustments processed
INV-064,Inventory,Transactions,Transaction Number,Auto-generate transaction numbers,High,Low,Not Started,INV-060,3,,Not Started,Not Started,Yes,Transaction tracking,Numbering works
INV-065,Inventory,Transactions,Transaction Date,Capture transaction date and time,Critical,Low,Not Started,INV-060,2,,Not Started,Not Started,Yes,Transaction tracking,Date captured
INV-066,Inventory,Transactions,Reason Codes,Categorize transaction reasons,Medium,Low,Not Started,INV-060,3,,Not Started,Not Started,Yes,Transaction classification,Reasons captured
INV-067,Inventory,Transactions,Real-Time Update,Update inventory balances in real-time,Critical,High,Not Started,INV-060,8,,Not Started,Not Started,Yes,Current balances,Real-time updates work
INV-070,Inventory,Valuation,Standard Costing,Use standard cost for valuation,Critical,High,Not Started,INV-020,8,,Not Started,Not Started,Yes,Valuation method,Standard costing works
INV-071,Inventory,Valuation,Average Costing,Use moving average for valuation,Critical,High,Not Started,INV-021,9,,Not Started,Not Started,Yes,Valuation method,Average costing works
INV-072,Inventory,Valuation,FIFO Costing,First In First Out valuation,Medium,High,Not Started,INV-001,9,,Not Started,Not Started,Yes,Valuation method,FIFO works
INV-073,Inventory,Valuation,Cost Variance,Track and report cost variances,High,High,Not Started,INV-070,7,,Not Started,Not Started,Yes,Variance management,Variances tracked
INV-074,Inventory,Valuation,Inventory Value Report,Report total inventory value,Critical,Medium,Not Started,INV-070,6,,Not Started,Not Started,Yes,Financial reporting,Report functional
INV-080,Inventory,Lot Tracking,Lot Number Generation,Auto or manual lot number generation,High,Medium,Not Started,INV-001,6,,Not Started,Not Started,Yes,Lot management,Generation works
INV-081,Inventory,Lot Tracking,Lot Attributes,Manufacture date expiration vendor lot,High,Medium,Not Started,INV-080,5,,Not Started,Not Started,Yes,Lot information,Attributes captured
INV-082,Inventory,Lot Tracking,Lot Status,Available Hold Quarantine Expired status,High,Medium,Not Started,INV-080,4,,Not Started,Not Started,Yes,Lot control,Status management works
INV-083,Inventory,Lot Tracking,Shelf Life Tracking,Track item shelf life and expiration,Medium,Medium,Not Started,INV-080,5,,Not Started,Not Started,Yes,Expiration management,Tracking works
INV-084,Inventory,Lot Tracking,FEFO Processing,First Expired First Out picking,Medium,High,Not Started,INV-083,7,,Not Started,Not Started,Yes,Expiration control,FEFO works
INV-085,Inventory,Lot Tracking,Lot Traceability,Forward and backward lot tracing,High,High,Not Started,INV-080,8,,Not Started,Not Started,Yes,Quality tracing,Traceability works
INV-086,Inventory,Lot Tracking,Lot Split Merge,Split or merge lot numbers,Medium,Medium,Not Started,INV-080,6,,Not Started,Not Started,Yes,Lot management,Split/merge works
INV-090,Inventory,Serial Tracking,Serial Number Generation,Auto or manual serial generation,High,Medium,Not Started,INV-001,6,,Not Started,Not Started,Yes,Serial management,Generation works
INV-091,Inventory,Serial Tracking,Serial Control Points,Receipt Sales Both control points,High,Medium,Not Started,INV-090,5,,Not Started,Not Started,Yes,Serial control,Control points work
INV-092,Inventory,Serial Tracking,Serial Status,In Inventory In Transit Installed status,High,Low,Not Started,INV-090,4,,Not Started,Not Started,Yes,Serial tracking,Status management works
INV-093,Inventory,Serial Tracking,Serial Attributes,Warranty dates and custom attributes,Medium,Medium,Not Started,INV-090,5,,Not Started,Not Started,Yes,Serial information,Attributes captured
INV-094,Inventory,Serial Tracking,Serial History,Complete serial transaction history,High,Medium,Not Started,INV-090,6,,Not Started,Not Started,Yes,Serial traceability,History tracked
INV-095,Inventory,Serial Tracking,Serial Ranges,Define and manage serial ranges,Medium,Low,Not Started,INV-090,4,,Not Started,Not Started,Yes,Serial organization,Ranges work
INV-100,Inventory,Physical Inventory,Count Program Setup,Setup physical count programs,High,High,Not Started,INV-030,8,,Not Started,Not Started,Yes,Count planning,Programs setup
INV-101,Inventory,Physical Inventory,Count Frequency,Annual Quarterly Monthly frequency,Medium,Low,Not Started,INV-100,3,,Not Started,Not Started,Yes,Count schedule,Frequency set
INV-102,Inventory,Physical Inventory,Count Scope,Full warehouse Zone ABC scope,Medium,Medium,Not Started,INV-100,5,,Not Started,Not Started,Yes,Count planning,Scope defined
INV-103,Inventory,Physical Inventory,Count Sheet Generation,Generate count sheets,High,Medium,Not Started,INV-100,6,,Not Started,Not Started,Yes,Count execution,Sheets generated
INV-104,Inventory,Physical Inventory,Count Entry,Enter physical count results,Critical,Medium,Not Started,INV-103,6,,Not Started,Not Started,Yes,Count capture,Entry works
INV-105,Inventory,Physical Inventory,Mobile Count,Mobile app for count entry,Medium,High,Not Started,INV-104,8,,Not Started,Not Started,Yes,Count efficiency,Mobile works
INV-106,Inventory,Physical Inventory,Variance Analysis,Analyze count variances,High,High,Not Started,INV-104,7,,Not Started,Not Started,Yes,Variance management,Analysis works
INV-107,Inventory,Physical Inventory,Recount Rules,Trigger recount for large variances,High,Medium,Not Started,INV-106,6,,Not Started,Not Started,Yes,Count accuracy,Recount works
INV-108,Inventory,Physical Inventory,Count Approval,Approve count and adjustments,High,Medium,Not Started,INV-104,5,,Not Started,Not Started,Yes,Count control,Approval works
INV-110,Inventory,Cycle Counting,Cycle Count Schedule,Schedule cycle counts by ABC,High,High,Not Started,INV-007,7,,Not Started,Not Started,Yes,Ongoing counts,Schedule works
INV-111,Inventory,Cycle Counting,ABC Frequency,Different frequency by ABC class,Medium,Medium,Not Started,INV-110,5,,Not Started,Not Started,Yes,Count optimization,Frequency works
INV-112,Inventory,Cycle Counting,Auto Triggers,Automatic cycle count triggers,Medium,High,Not Started,INV-110,7,,Not Started,Not Started,Yes,Count automation,Triggers work
INV-113,Inventory,Cycle Counting,Count Accuracy,Track cycle count accuracy metrics,Medium,Medium,Not Started,INV-110,6,,Not Started,Not Started,Yes,Performance tracking,Accuracy tracked
INV-120,Inventory,Transfers,Inter-Warehouse Transfer,Transfer between warehouses,High,High,Not Started,INV-030,8,,Not Started,Not Started,Yes,Multi-warehouse,Transfers work
INV-121,Inventory,Transfers,Transfer Order,Create transfer orders,High,Medium,Not Started,INV-120,6,,Not Started,Not Started,Yes,Transfer control,Orders created
INV-122,Inventory,Transfers,In-Transit Tracking,Track in-transit inventory,High,High,Not Started,INV-120,7,,Not Started,Not Started,Yes,Transfer visibility,Tracking works
INV-123,Inventory,Transfers,Transfer Approval,Approve transfer orders,Medium,Medium,Not Started,INV-121,5,,Not Started,Not Started,Yes,Transfer control,Approval works
INV-124,Inventory,Transfers,Transfer Valuation,Value inter-entity transfers,High,High,Not Started,INV-120,7,,Not Started,Not Started,Yes,Transfer pricing,Valuation works
INV-125,Inventory,Transfers,Intra-Warehouse Transfer,Transfer within warehouse,High,Medium,Not Started,INV-050,6,,Not Started,Not Started,Yes,Internal moves,Transfers work
INV-130,Inventory,Adjustments,Adjustment Creation,Create inventory adjustments,High,High,Not Started,INV-001,7,,Not Started,Not Started,Yes,Inventory corrections,Adjustments created
INV-131,Inventory,Adjustments,Adjustment Types,Quantity Value Status adjustments,High,Medium,Not Started,INV-130,5,,Not Started,Not Started,Yes,Adjustment categorization,Types supported
INV-132,Inventory,Adjustments,Adjustment Reasons,Reason codes for adjustments,Medium,Low,Not Started,INV-130,3,,Not Started,Not Started,Yes,Adjustment tracking,Reasons captured
INV-133,Inventory,Adjustments,Adjustment Approval,Approval workflow for adjustments,High,High,Not Started,INV-130 UR-170,7,,Not Started,Not Started,Yes,Adjustment control,Approval works
INV-134,Inventory,Adjustments,Approval Limits,Amount-based approval limits,High,Medium,Not Started,INV-133,5,,Not Started,Not Started,Yes,Authorization control,Limits enforced
INV-135,Inventory,Adjustments,GL Impact,Post adjustments to GL,Critical,High,Not Started,INV-130 GL-180,8,,Not Started,Not Started,Yes,Financial integration,GL posting works
INV-136,Inventory,Adjustments,Adjustment Reversal,Reverse incorrect adjustments,High,Medium,Not Started,INV-130,6,,Not Started,Not Started,Yes,Error correction,Reversal works
INV-140,Inventory,Min-Max Planning,Min-Max Setup,Define min-max parameters per item,High,Medium,Not Started,INV-012,6,,Not Started,Not Started,Yes,Replenishment planning,Setup complete
INV-141,Inventory,Min-Max Planning,Planning Run,Execute min-max planning,High,High,Not Started,INV-140,8,,Not Started,Not Started,Yes,Auto replenishment,Planning runs
INV-142,Inventory,Min-Max Planning,Replenishment Suggestions,Generate purchase or transfer suggestions,High,High,Not Started,INV-141,7,,Not Started,Not Started,Yes,Planning output,Suggestions generated
INV-143,Inventory,Min-Max Planning,Auto Requisition,Auto-create purchase requisitions,Medium,High,Not Started,INV-142 PO-030,8,,Not Started,Not Started,Yes,Automation,Requisitions created
INV-144,Inventory,Min-Max Planning,Planner Review,Review and approve suggestions,Medium,Medium,Not Started,INV-142,5,,Not Started,Not Started,Yes,Planning control,Review works
INV-150,Inventory,ABC Analysis,ABC Calculation,Calculate ABC classification,Medium,High,Not Started,INV-001,7,,Not Started,Not Started,Yes,Item prioritization,Calculation works
INV-151,Inventory,ABC Analysis,Classification Criteria,Value movement criticality criteria,Medium,Medium,Not Started,INV-150,5,,Not Started,Not Started,Yes,Flexible classification,Criteria work
INV-152,Inventory,ABC Analysis,Auto Reclassification,Automatic periodic reclassification,Medium,Medium,Not Started,INV-150,6,,Not Started,Not Started,Yes,Dynamic classification,Reclassification works
INV-153,Inventory,ABC Analysis,ABC Reporting,ABC analysis reports,Medium,Medium,Not Started,INV-150,5,,Not Started,Not Started,Yes,Analysis visibility,Reports functional
INV-160,Inventory,Period Close,Transaction Cutoff,Enforce transaction cutoff dates,Critical,Medium,Not Started,INV-060,6,,Not Started,Not Started,Yes,Period control,Cutoff enforced
INV-161,Inventory,Period Close,Inventory Valuation,Period-end inventory valuation,Critical,High,Not Started,INV-070,8,,Not Started,Not Started,Yes,Financial close,Valuation complete
INV-162,Inventory,Period Close,COGS Calculation,Calculate cost of goods sold,Critical,High,Not Started,INV-161,8,,Not Started,Not Started,Yes,Financial reporting,COGS calculated
INV-163,Inventory,Period Close,Variance Analysis,Analyze cost and quantity variances,High,High,Not Started,INV-161,7,,Not Started,Not Started,Yes,Variance management,Analysis works
INV-164,Inventory,Period Close,Slow-Moving Analysis,Identify slow-moving inventory,High,Medium,Not Started,INV-161,6,,Not Started,Not Started,Yes,Inventory optimization,Analysis works
INV-165,Inventory,Period Close,Obsolescence Review,Review obsolete inventory,High,Medium,Not Started,INV-161,6,,Not Started,Not Started,Yes,Inventory quality,Review works
INV-166,Inventory,Period Close,GL Reconciliation,Reconcile inventory to GL,Critical,High,Not Started,INV-161 GL-180,8,,Not Started,Not Started,Yes,Data integrity,Reconciliation works
INV-170,Inventory,Reporting,Inventory Balance,Report on-hand inventory by item location,Critical,Medium,Not Started,INV-001,6,,Not Started,Not Started,Yes,Stock visibility,Report works
INV-171,Inventory,Reporting,Stock Status,Available Reserved In-Transit status,High,Medium,Not Started,INV-001,6,,Not Started,Not Started,Yes,Availability visibility,Report works
INV-172,Inventory,Reporting,Transaction History,Item transaction history report,High,Low,Not Started,INV-060,4,,Not Started,Not Started,Yes,Transaction audit,Report works
INV-173,Inventory,Reporting,Lot Serial Traceability,Lot and serial traceability report,High,Medium,Not Started,INV-080,6,,Not Started,Not Started,Yes,Traceability,Report works
INV-174,Inventory,Reporting,Inventory Aging,Age inventory by receipt date,High,Medium,Not Started,INV-001,6,,Not Started,Not Started,Yes,Aging visibility,Report works
INV-175,Inventory,Reporting,Slow-Moving Report,Identify slow-moving items,Medium,Medium,Not Started,INV-001,5,,Not Started,Not Started,Yes,Inventory management,Report works
INV-176,Inventory,Reporting,Physical Count Variance,Count variance report,High,Low,Not Started,INV-106,4,,Not Started,Not Started,Yes,Count accuracy,Report works
INV-177,Inventory,Reporting,COGS Report,Cost of goods sold report,Critical,Medium,Not Started,INV-162,6,,Not Started,Not Started,Yes,Financial reporting,Report works
INV-180,Inventory,Analytics,Inventory Turnover,Calculate inventory turnover ratio,High,Medium,Not Started,INV-001,6,,Not Started,Not Started,Yes,Performance metric,Calculation works
INV-181,Inventory,Analytics,DIO Calculation,Days inventory outstanding,High,Medium,Not Started,INV-001,6,,Not Started,Not Started,Yes,Performance metric,DIO calculated
INV-182,Inventory,Analytics,Stock-Out Analysis,Analyze stock-out occurrences,Medium,High,Not Started,INV-001,7,,Not Started,Not Started,Yes,Service level,Analysis works
INV-183,Inventory,Analytics,Carrying Cost,Calculate inventory carrying costs,Medium,High,Not Started,INV-001,7,,Not Started,Not Started,Yes,Cost analysis,Calculation works
INV-184,Inventory,Analytics,Accuracy Metrics,Inventory accuracy metrics,Medium,Medium,Not Started,INV-100,6,,Not Started,Not Started,Yes,Performance tracking,Metrics calculated
INV-190,Inventory,Integration,PO Integration,Integrate with Purchase Orders,Critical,High,Not Started,PO-240,9,,Not Started,Not Started,Yes,Receipt processing,PO integration works
INV-191,Inventory,Integration,OM Integration,Integrate with Order Management,Critical,High,Not Started,INV-001,9,,Not Started,Not Started,Yes,Fulfillment processing,OM integration works
INV-192,Inventory,Integration,GL Integration,Post inventory transactions to GL,Critical,High,Not Started,GL-200,9,,Not Started,Not Started,Yes,Financial integration,GL posting works
INV-193,Inventory,Integration,Manufacturing Integration,Integrate with production,Medium,High,Not Started,INV-001,9,,Not Started,Not Started,Yes,WIP processing,MFG integration works
INV-200,Inventory,Security,Inventory Roles,Predefined inventory roles,Critical,Medium,Not Started,UR-025,5,,Not Started,Not Started,Yes,Access control,Roles configured
INV-201,Inventory,Security,Transaction Privileges,Receipt Issue Transfer privileges,High,Medium,Not Started,UR-060,5,,Not Started,Not Started,Yes,Function control,Privileges enforced
INV-202,Inventory,Security,Adjustment Approval Authority,Approval limits for adjustments,High,Medium,Not Started,UR-534,5,,Not Started,Not Started,Yes,Authorization control,Authority enforced
INV-203,Inventory,Security,Warehouse Access,Warehouse-level data access,High,High,Not Started,UR-040,7,,Not Started,Not Started,Yes,Data isolation,Warehouse security works
INV-204,Inventory,Security,Audit Trail,Complete inventory activity audit,Critical,Medium,Not Started,UR-140,6,,Not Started,Not Started,Yes,Compliance,Audit trail complete
INV-210,Inventory,Technical,Performance,Support high-volume transactions,Critical,High,Not Started,,8,,Not Started,Not Started,Yes,Scalability,Performance requirements met
INV-211,Inventory,Technical,Real-Time Processing,Real-time inventory updates,Critical,High,Not Started,,8,,Not Started,Not Started,Yes,Current data,Real-time works
INV-212,Inventory,Technical,API Integration,REST APIs for inventory operations,High,High,Not Started,,9,,Not Started,Not Started,Yes,System integration,APIs functional
INV-220,Inventory,Compliance,Inventory Accounting Standards,GAAP IFRS inventory compliance,High,High,Not Started,,7,,Not Started,Not Started,Yes,Financial compliance,Standards met
INV-221,Inventory,Compliance,SOX Compliance,SOX controls for inventory,High,High,Not Started,UR-271,7,,Not Started,Not Started,Yes,Regulatory compliance,SOX compliant
LCM-001,Landed Cost,Setup,Cost Elements,Define landed cost elements (freight duty insurance fees),Critical,Medium,Not Started,CM-020,5,,,Yes,,Define standard landed cost elements with GL mapping
LCM-002,Landed Cost,Setup,Allocation Rules,Define rules for allocating landed costs to receipts,Critical,High,Not Started,LCM-001,7,,,Yes,,Create allocation rules with multiple bases and methods
LCM-010,Landed Cost,Freight,Charge Capture,Capture freight charges from carriers,Critical,Medium,Not Started,PO-001,6,,,Yes,,Record freight charges by shipment with carrier details
LCM-011,Landed Cost,Freight,Rate Management,Maintain freight rates and calculate estimates,High,High,Not Started,LCM-010,8,,,Yes,,Create carrier rate tables with automatic calculation
LCM-012,Landed Cost,Freight,Freight Audit,Audit freight invoices against expected charges,High,Medium,Not Started,LCM-011,7,,,Yes,,Compare actual vs estimated freight and flag variances
LCM-020,Landed Cost,Duty Customs,HTS Classification,Maintain Harmonized Tariff Schedule codes,Critical,Medium,Not Started,INV-001,6,,,Yes,,Assign and maintain HTS codes for imported items
LCM-021,Landed Cost,Duty Customs,Duty Calculation,Calculate import duties based on customs value,Critical,High,Not Started,LCM-020,9,,,Yes,,Calculate ad valorem specific and compound duties
LCM-022,Landed Cost,Duty Customs,Customs Valuation,Determine customs value per WTO methods,Critical,High,Not Started,LCM-021,10,,,No,,Calculate transaction value with required adjustments
LCM-023,Landed Cost,Duty Customs,Free Trade Agreements,Manage FTA programs for duty reduction,High,High,Not Started,LCM-020,10,,,Yes,,Support multiple FTAs with origin verification
LCM-030,Landed Cost,Other Costs,Insurance Costs,Track and allocate insurance costs,High,Medium,Not Started,LCM-001,5,,,Yes,,Capture and allocate cargo insurance to shipments
LCM-031,Landed Cost,Other Costs,Brokerage Fees,Manage customs brokerage and clearance fees,High,Medium,Not Started,LCM-020,6,,,Yes,,Track broker fees and link to customs entries
LCM-032,Landed Cost,Other Costs,Handling Storage,Track warehouse handling and storage charges,Medium,Medium,Not Started,LCM-001,5,,,Yes,,Capture container handling demurrage and storage costs
LCM-040,Landed Cost,Processing,Cost Accruals,Accrue estimated landed costs at receipt,Critical,High,Not Started,PO-140,8,,,Yes,,Accrue landed costs before actual invoices received
LCM-041,Landed Cost,Processing,Cost Allocation,Allocate landed costs to PO lines and receipts,Critical,High,Not Started,LCM-002,10,,,Yes,,Apply allocation rules and update inventory costs
LCM-042,Landed Cost,Processing,Cost Variances,Track variances between estimated and actual,High,Medium,Not Started,LCM-040,6,,,Yes,,Calculate and post landed cost variances
LCM-050,Landed Cost,Shipment,Shipment Management,Track shipments from origin to destination,High,Medium,Not Started,PO-001,7,,,Yes,,Create and track shipments with all costs
LCM-051,Landed Cost,Shipment,In-Transit Tracking,Track goods in-transit inventory,High,Medium,Not Started,LCM-050,7,,,Yes,,Provide visibility to in-transit inventory
LCM-060,Landed Cost,Compliance,Import Export,Ensure import/export regulatory compliance,Critical,High,Not Started,LCM-020,10,,,No,,Validate compliance with trade regulations
LCM-061,Landed Cost,Compliance,Country of Origin,Track and document country of origin,High,Medium,Not Started,INV-001,5,,,Yes,,Maintain origin certificates and track changes
LCM-062,Landed Cost,Compliance,Duty Drawback,Manage duty drawback claims,Medium,High,Not Started,LCM-021,9,,,Yes,,Track eligible imports and generate drawback claims
LCM-070,Landed Cost,Reporting,Cost Reports,Generate comprehensive landed cost reports,Critical,Medium,Not Started,LCM-041,7,,,Yes,,Standard reports for landed cost analysis
LCM-071,Landed Cost,Reporting,TCO Analysis,Analyze total cost of ownership,High,Medium,Not Started,LCM-070,8,,,No,,Calculate and compare TCO by supplier and item
LCM-080,Landed Cost,Integration,Purchasing Integration,Integration with Purchasing module,Critical,High,Not Started,PO-001,10,,,Yes,,Receive PO data and link landed costs to POs
LCM-081,Landed Cost,Integration,Inventory Integration,Update inventory values with landed costs,Critical,High,Not Started,INV-001,10,,,Yes,,Adjust inventory valuation with allocated costs
LCM-082,Landed Cost,Integration,Cost Mgmt Integration,Provide landed costs to Cost Management,High,High,Not Started,CM-001,8,,,Yes,,Feed landed costs to cost elements and rollups
LCM-083,Landed Cost,Integration,AP Integration,Interface with AP for invoice processing,Critical,High,Not Started,AP-001,9,,,Yes,,Create AP invoices for landed cost charges
LCM-084,Landed Cost,Integration,GL Integration,Post landed cost transactions to GL,Critical,High,Not Started,GL-001,10,,,Yes,,Post accruals allocations and variances to GL
LCM-090,Landed Cost,Multi-Currency,Currency Support,Handle landed costs in multiple currencies,High,High,Not Started,GL-060,9,,,Yes,,Support multi-currency with proper conversion
LCM-100,Landed Cost,Security,LCM Security,Implement security controls for landed cost,Critical,Medium,Not Started,UR-001,5,,,Yes,,Role-based access with segregation of duties
LCM-101,Landed Cost,Security,Audit Trail,Maintain audit trail for all transactions,Critical,Medium,Not Started,LCM-100,5,,,Yes,,Log all changes with user and timestamp
LCM-003,Landed Cost,Setup,Cost Defaults,Set default landed cost elements by supplier/item,High,Medium,Not Started,LCM-001,4,,,Yes,,Configure defaults to streamline cost entry
LCM-013,Landed Cost,Freight,Multi-Leg Freight,Handle multi-leg freight shipments,Medium,High,Not Started,LCM-010,7,,,Yes,,Track costs for shipments with multiple carriers
LCM-014,Landed Cost,Freight,Freight Terms,Manage FOB and freight payment terms,High,Medium,Not Started,PO-080,5,,,Yes,,Determine freight responsibility based on terms
LCM-024,Landed Cost,Duty Customs,Preferential Tariffs,Manage preferential tariff programs,High,High,Not Started,LCM-023,8,,,Yes,,Apply reduced duty rates under trade programs
LCM-025,Landed Cost,Duty Customs,Anti-Dumping Duties,Calculate anti-dumping and countervailing duties,Medium,High,Not Started,LCM-021,7,,,Yes,,Apply ADD/CVD when applicable
LCM-033,Landed Cost,Other Costs,Assist Costs,Track and value assists (tools dies molds),Medium,Medium,Not Started,LCM-022,6,,,Yes,,Include assist value in customs valuation
LCM-034,Landed Cost,Other Costs,Royalty Fees,Capture royalty and license fees,Medium,Medium,Not Started,LCM-022,5,,,Yes,,Add royalties to customs value
LCM-043,Landed Cost,Processing,Allocation Override,Allow manual override of cost allocation,Medium,Medium,Not Started,LCM-041,4,,,Yes,,Enable authorized overrides with approval
LCM-044,Landed Cost,Processing,Reallocation,Reprocess landed cost allocation,Medium,Medium,Not Started,LCM-041,6,,,Yes,,Reallocate costs when errors found
LCM-052,Landed Cost,Shipment,Container Tracking,Track shipping containers and pallets,High,Medium,Not Started,LCM-050,6,,,Yes,,Monitor container status and deposits
LCM-053,Landed Cost,Shipment,BOL Management,Manage bills of lading,High,Medium,Not Started,LCM-050,5,,,Yes,,Capture and track BOL information
LCM-063,Landed Cost,Compliance,Denied Party Screening,Screen against denied parties lists,Critical,High,Not Started,LCM-060,8,,,Yes,,Validate no transactions with denied parties
LCM-064,Landed Cost,Compliance,Export Controls,Manage export control classifications,High,High,Not Started,LCM-060,8,,,No,,Track ECCN and validate license requirements
LCM-072,Landed Cost,Reporting,Freight Analysis,Analyze freight costs and trends,High,Medium,Not Started,LCM-070,6,,,Yes,,Generate freight cost analysis reports
LCM-073,Landed Cost,Reporting,Duty Reports,Generate duty and tariff reports,High,Medium,Not Started,LCM-070,6,,,Yes,,Report on duties paid by item supplier country
LCM-085,Landed Cost,Integration,Carrier Integration,Integrate with carrier systems,Medium,High,Not Started,LCM-010,10,,,Yes,,Receive freight charges and tracking from carriers
LCM-086,Landed Cost,Integration,Broker Integration,Integrate with customs broker systems,Medium,High,Not Started,LCM-031,10,,,Yes,,Exchange data with customs brokers
LCM-091,Landed Cost,Multi-Currency,Exchange Rate Variance,Track exchange rate variances on landed costs,High,Medium,Not Started,LCM-090,6,,,Yes,,Calculate and post currency variances
LCM-004,Landed Cost,Setup,Proration Methods,Define cost proration calculation methods,High,Medium,Not Started,LCM-002,5,,,Yes,,Support multiple proration formulas
LCM-015,Landed Cost,Freight,Freight Claims,Process freight claims and refunds,Medium,Medium,Not Started,LCM-012,5,,,Yes,,Track and process freight overcharge claims
LCM-026,Landed Cost,Duty Customs,Duty Deferral,Support duty deferral programs,Medium,High,Not Started,LCM-021,7,,,Yes,,Handle bonded warehouse and FTZ scenarios
LCM-035,Landed Cost,Other Costs,Compliance Costs,Track trade compliance service costs,Low,Low,Not Started,LCM-001,3,,,Yes,,Capture costs for compliance services
LCM-045,Landed Cost,Processing,Batch Allocation,Process landed cost allocation in batch,High,High,Not Started,LCM-041,8,,,Yes,,Allocate costs for multiple shipments at once
LCM-054,Landed Cost,Shipment,Arrival Notification,Automated arrival notifications,Medium,Low,Not Started,LCM-050,4,,,Yes,,Alert stakeholders when shipment arrives
LCM-065,Landed Cost,Compliance,License Management,Track import/export licenses,High,Medium,Not Started,LCM-060,6,,,Yes,,Manage license applications and expirations
LCM-074,Landed Cost,Reporting,Variance Analysis,Analyze landed cost variances,High,Medium,Not Started,LCM-042,6,,,Yes,,Report on estimate vs actual variances
LCM-087,Landed Cost,Integration,EDI Support,Support EDI for customs and shipping,Medium,High,Not Started,LCM-085,10,,,Yes,,Implement EDI transactions for trade data
LCM-092,Landed Cost,Multi-Currency,Triangulation,Support EMU triangulation,Low,High,Not Started,LCM-090,5,,,Yes,,Handle Euro currency triangulation
LCM-005,Landed Cost,Setup,Tolerance Limits,Set tolerance limits for variances,Medium,Low,Not Started,LCM-042,3,,,Yes,,Define acceptable variance thresholds
LCM-016,Landed Cost,Freight,Freight Accrual,Accrue freight costs,High,Medium,Not Started,LCM-040,6,,,Yes,,Estimate and accrue freight at shipment
LCM-027,Landed Cost,Duty Customs,Ruling Letters,Track classification ruling letters,Medium,Medium,Not Started,LCM-020,5,,,Yes,,Maintain library of binding rulings
LCM-036,Landed Cost,Other Costs,Demurrage Detention,Track demurrage and detention charges,Medium,Medium,Not Started,LCM-032,5,,,Yes,,Calculate per diem charges for container delays
LCM-046,Landed Cost,Processing,Negative Cost Prevention,Prevent negative landed costs,High,Medium,Not Started,LCM-041,4,,,Yes,,Validate allocations result in positive costs
LCM-055,Landed Cost,Shipment,Shipment Consolidation,Consolidate multiple POs in one shipment,High,High,Not Started,LCM-050,8,,,Yes,,Allocate costs across consolidated POs
LCM-066,Landed Cost,Compliance,Record Retention,Maintain compliance record retention,High,Medium,Not Started,LCM-101,5,,,Yes,,Archive required documents per regulations
LCM-075,Landed Cost,Reporting,FTA Utilization,Report on FTA utilization rates,Medium,Medium,Not Started,LCM-023,5,,,Yes,,Calculate duty savings from FTA usage
LCM-088,Landed Cost,Integration,Trade Management Systems,Integrate with global trade management,Low,High,Not Started,LCM-060,12,,,No,,Connect to GTM systems for compliance
LCM-006,Landed Cost,Setup,Approval Workflow,Workflow for landed cost approvals,High,Medium,Not Started,UR-060,5,,,Yes,,Require approval for cost allocations
LCM-017,Landed Cost,Freight,Prepaid vs Collect,Handle prepaid and collect freight separately,High,Medium,Not Started,LCM-014,5,,,Yes,,Process freight based on payment terms
LCM-028,Landed Cost,Duty Customs,Quota Management,Manage tariff rate quotas,Low,High,Not Started,LCM-020,8,,,Yes,,Track quota utilization and apply rates
LCM-037,Landed Cost,Other Costs,Per Diem Charges,Calculate per diem storage charges,Low,Medium,Not Started,LCM-032,4,,,Yes,,Compute daily storage costs
LCM-047,Landed Cost,Processing,Cost Reversal,Reverse allocated landed costs,Medium,Medium,Not Started,LCM-041,5,,,Yes,,Reverse and correct erroneous allocations
LCM-056,Landed Cost,Shipment,Partial Shipments,Handle partial shipments,High,Medium,Not Started,LCM-050,6,,,Yes,,Allocate costs to partial receipts
LCM-067,Landed Cost,Compliance,Audit Support,Support trade compliance audits,High,Medium,Not Started,LCM-101,6,,,Yes,,Generate compliance audit documentation
LCM-076,Landed Cost,Reporting,Supplier Comparison,Compare landed costs by supplier,High,Medium,Not Started,LCM-071,6,,,No,,Analyze total landed cost by supplier
LCM-089,Landed Cost,Integration,Warehouse Integration,Integrate with warehouse systems,Medium,Medium,Not Started,INV-120,7,,,Yes,,Exchange arrival and handling data
LCM-093,Landed Cost,Multi-Currency,Currency Gain Loss,Post currency gains and losses,High,Medium,Not Started,LCM-091,5,,,Yes,,Record exchange variances in GL
LCM-007,Landed Cost,Setup,Element Mapping,Map landed cost elements to GL accounts,Critical,Medium,Not Started,LCM-001,5,,,Yes,,Define GL accounts for each cost element
LCM-018,Landed Cost,Freight,Carrier Performance,Track carrier performance metrics,Low,Medium,Not Started,LCM-010,5,,,No,,Monitor on-time delivery and cost
LCM-029,Landed Cost,Duty Customs,Related Party Valuation,Handle related party transactions,Medium,High,Not Started,LCM-022,7,,,No,,Apply special valuation for related parties
LCM-038,Landed Cost,Other Costs,Inspection Fees,Track customs exam and inspection fees,Low,Low,Not Started,LCM-031,3,,,Yes,,Capture exam fees when incurred
LCM-048,Landed Cost,Processing,Period Close,Close landed cost accounting period,High,Medium,Not Started,CM-100,6,,,Yes,,Complete period-end landed cost processing
LCM-057,Landed Cost,Shipment,Shipment Documents,Attach documents to shipments,Medium,Medium,Not Started,LCM-050,4,,,Yes,,Upload and link shipping documents
LCM-068,Landed Cost,Compliance,Substantial Transformation,Track substantial transformation,Low,High,Not Started,LCM-061,6,,,No,,Determine when origin changes
LCM-077,Landed Cost,Reporting,Cost Trending,Analyze landed cost trends,Medium,Medium,Not Started,LCM-070,6,,,Yes,,Trend analysis over time
LCM-094,Landed Cost,Multi-Currency,Historical Rates,Maintain historical exchange rates,Medium,Low,Not Started,LCM-090,3,,,Yes,,Archive rates for audit and analysis
LCM-019,Landed Cost,Freight,Accessorial Charges,Track freight accessorial charges,Medium,Medium,Not Started,LCM-010,4,,,Yes,,Capture fuel surcharge liftgate etc
LCM-030-1,Landed Cost,Other Costs,Container Deposits,Track container deposits and returns,Low,Low,Not Started,LCM-052,3,,,Yes,,Manage refundable container deposits
LCM-049,Landed Cost,Processing,Allocation Validation,Validate allocation calculations,High,Medium,Not Started,LCM-041,5,,,Yes,,Ensure allocations balance and are correct
LCM-069,Landed Cost,Compliance,Trade Agreements,Maintain trade agreement database,Medium,Medium,Not Started,LCM-023,5,,,Yes,,Library of all applicable trade agreements
LCM-078,Landed Cost,Reporting,Drawback Opportunity,Identify duty drawback opportunities,Low,Medium,Not Started,LCM-062,5,,,No,,Analyze potential drawback claims
LCM-095,Landed Cost,Multi-Currency,Rate Type Support,Support multiple exchange rate types,Medium,Medium,Not Started,LCM-090,4,,,Yes,,Corporate spot average daily rates
LCM-020-1,Landed Cost,Freight,Inbound Freight Only,Process inbound freight separately,High,Medium,Not Started,LCM-010,4,,,Yes,,Distinguish inbound from outbound freight
LCM-039,Landed Cost,Other Costs,Packing Costs,Track packing and crating costs,Low,Low,Not Started,LCM-001,3,,,Yes,,Include packing in landed cost
LCM-050-1,Landed Cost,Processing,Cost Approval,Approve landed cost allocations,High,Medium,Not Started,LCM-006,5,,,Yes,,Workflow for cost approval before posting
LCM-070-1,Landed Cost,Compliance,Certificate Management,Manage origin and compliance certificates,Medium,Medium,Not Started,LCM-061,5,,,Yes,,Track certificate validity and renewals
LCM-079,Landed Cost,Reporting,What-If Analysis,Model what-if landed cost scenarios,Low,Medium,Not Started,LCM-071,6,,,No,,Simulate impact of cost changes
LCM-096,Landed Cost,Multi-Currency,Currency by Element,Support different currencies by cost element,Medium,High,Not Started,LCM-090,6,,,Yes,,Allow each cost element in its own currency
LCM-021-1,Landed Cost,Freight,Backhaul Freight,Track backhaul and return freight,Low,Medium,Not Started,LCM-010,4,,,Yes,,Capture return freight costs
LCM-040-1,Landed Cost,Other Costs,Commission Costs,Track buying commissions,Low,Medium,Not Started,LCM-001,4,,,Yes,,Include commissions in landed cost
LCM-051-1,Landed Cost,Processing,Split Allocation,Split costs across multiple receipts,High,High,Not Started,LCM-041,7,,,Yes,,Allocate to receipts at different times
LCM-071-1,Landed Cost,Compliance,Section 301 Duties,Track Section 301 additional duties,Medium,Medium,Not Started,LCM-025,5,,,Yes,,Apply additional tariffs per trade actions
LCM-080-1,Landed Cost,Reporting,Cost Dashboard,Landed cost KPI dashboard,Medium,Medium,Not Started,LCM-070,6,,,No,,Visual dashboard for key metrics
LCM-097,Landed Cost,Multi-Currency,Functional Currency,Support functional currency valuation,High,Medium,Not Started,LCM-090,5,,,Yes,,Value inventory in functional currency
OM-001,Order Management,Customer Setup,Customer Integration,Integrate customer master from AR,Critical,Medium,Not Started,AR-001,5,,Not Started,Not Started,Yes,Customer data,Customer sync works
OM-002,Order Management,Customer Setup,Ship-To Addresses,Maintain ship-to addresses,High,Low,Not Started,AR-010,3,,Not Started,Not Started,Yes,Delivery locations,Addresses maintained
OM-003,Order Management,Customer Setup,Customer Pricing Groups,Assign customers to pricing groups,High,Medium,Not Started,AR-001,4,,Not Started,Not Started,Yes,Pricing segmentation,Groups assigned
OM-004,Order Management,Customer Setup,Preferred Shipping Method,Default shipping method per customer,Medium,Low,Not Started,AR-001,3,,Not Started,Not Started,Yes,Shipping defaults,Method set
OM-010,Order Management,Product Setup,Saleable Items,Designate items as saleable,Critical,Low,Not Started,INV-001,3,,Not Started,Not Started,Yes,Product availability,Saleable flag set
OM-011,Order Management,Product Setup,Product Bundles,Create product bundles and kits,Medium,High,Not Started,INV-001,8,,Not Started,Not Started,Yes,Bundle selling,Bundles work
OM-012,Order Management,Product Setup,Substitute Items,Define substitute items,Medium,Medium,Not Started,INV-001,5,,Not Started,Not Started,Yes,Alternative products,Substitutes work
OM-013,Order Management,Product Setup,Cross-Sell Items,Define cross-sell products,Low,Low,Not Started,INV-001,3,,Not Started,Not Started,Yes,Sales optimization,Cross-sell works
OM-020,Order Management,Order Entry,Sales Order Creation,Create sales orders,Critical,High,Not Started,AR-001,9,,Not Started,Not Started,Yes,Core OM functionality,Orders created
OM-021,Order Management,Order Entry,Order Header,Order number date customer delivery date,Critical,Medium,Not Started,OM-020,5,,Not Started,Not Started,Yes,Order identification,Header captured
OM-022,Order Management,Order Entry,Order Lines,Multiple line items per order,Critical,High,Not Started,OM-020,8,,Not Started,Not Started,Yes,Line detail,Lines can be entered
OM-023,Order Management,Order Entry,Order Types,Standard Rush Drop Ship Internal types,High,Medium,Not Started,OM-020,5,,Not Started,Not Started,Yes,Order categorization,Types supported
OM-024,Order Management,Order Entry,Order Source,Web Phone EDI Manual source tracking,Medium,Low,Not Started,OM-020,3,,Not Started,Not Started,Yes,Channel tracking,Source captured
OM-025,Order Management,Order Entry,Sales Channel,Direct Partner Online channel tracking,Medium,Low,Not Started,OM-020,3,,Not Started,Not Started,Yes,Channel analysis,Channel tracked
OM-026,Order Management,Order Entry,Salesperson Assignment,Assign salesperson to orders,High,Low,Not Started,OM-020,3,,Not Started,Not Started,Yes,Sales tracking,Salesperson assigned
OM-027,Order Management,Order Entry,Copy Order,Copy from previous orders,Medium,Low,Not Started,OM-020,4,,Not Started,Not Started,Yes,Efficiency,Copy functional
OM-030,Order Management,Order Status,Order Status Management,Track order lifecycle status,Critical,Medium,Not Started,OM-020,6,,Not Started,Not Started,Yes,Order tracking,Status management works
OM-031,Order Management,Order Status,Order Lifecycle,Draft Entered Booked Shipped Invoiced Closed,Critical,High,Not Started,OM-030,7,,Not Started,Not Started,Yes,Status workflow,Lifecycle works
OM-032,Order Management,Order Status,Status Updates,Automatic status updates on events,High,High,Not Started,OM-030,7,,Not Started,Not Started,Yes,Status automation,Updates work
OM-033,Order Management,Order Status,Order Inquiry,Real-time order status inquiry,High,Medium,Not Started,OM-030,6,,Not Started,Not Started,Yes,Order visibility,Inquiry works
OM-040,Order Management,Order Holds,Credit Hold,Hold orders for credit limit breach,Critical,High,Not Started,AR-140,7,,Not Started,Not Started,Yes,Credit control,Credit holds work
OM-041,Order Management,Order Holds,Manual Hold,User-placed holds on orders,High,Medium,Not Started,OM-020,5,,Not Started,Not Started,Yes,Order control,Manual holds work
OM-042,Order Management,Order Holds,Shipping Hold,Hold for shipping requirements,Medium,Low,Not Started,OM-020,4,,Not Started,Not Started,Yes,Shipping control,Shipping holds work
OM-043,Order Management,Order Holds,Hold Release,Release holds when conditions met,High,Medium,Not Started,OM-040,6,,Not Started,Not Started,Yes,Order processing,Release functional
OM-044,Order Management,Order Holds,Hold Workflow,Approval workflow for hold release,Medium,High,Not Started,OM-043 UR-170,7,,Not Started,Not Started,Yes,Controlled release,Workflow works
OM-050,Order Management,ATP,Real-Time ATP,Available to promise inventory check,Critical,High,Not Started,INV-001,9,,Not Started,Not Started,Yes,Inventory visibility,ATP works
OM-051,Order Management,ATP,Multi-Warehouse ATP,ATP across multiple warehouses,High,High,Not Started,OM-050,8,,Not Started,Not Started,Yes,Multi-location ATP,Multi-warehouse works
OM-052,Order Management,ATP,ATP by Date,ATP check for specific dates,High,Medium,Not Started,OM-050,6,,Not Started,Not Started,Yes,Future availability,Date ATP works
OM-053,Order Management,ATP,Substitute Suggestion,Suggest substitute items if out of stock,Medium,High,Not Started,OM-050 OM-012,7,,Not Started,Not Started,Yes,Alternative fulfillment,Substitutes suggested
OM-060,Order Management,Reservation,Inventory Reservation,Reserve inventory for orders,Critical,High,Not Started,OM-050,8,,Not Started,Not Started,Yes,Inventory commitment,Reservation works
OM-061,Order Management,Reservation,Hard Reservation,Committed inventory reservation,High,Medium,Not Started,OM-060,6,,Not Started,Not Started,Yes,Firm commitment,Hard reservation works
OM-062,Order Management,Reservation,Soft Reservation,Planned inventory reservation,Medium,Medium,Not Started,OM-060,5,,Not Started,Not Started,Yes,Planning reservation,Soft reservation works
OM-063,Order Management,Reservation,Reservation Expiration,Time-bound reservations,Medium,Medium,Not Started,OM-060,5,,Not Started,Not Started,Yes,Auto-release,Expiration works
OM-064,Order Management,Reservation,Reservation Release,Release unused reservations,High,Low,Not Started,OM-060,4,,Not Started,Not Started,Yes,Inventory availability,Release works
OM-070,Order Management,Pricing,Price List Management,Maintain customer price lists,Critical,High,Not Started,AR-001,8,,Not Started,Not Started,Yes,Pricing foundation,Price lists work
OM-071,Order Management,Pricing,Customer Pricing,Customer-specific pricing,High,Medium,Not Started,OM-070,6,,Not Started,Not Started,Yes,Custom pricing,Customer prices work
OM-072,Order Management,Pricing,Contract Pricing,Agreement-based pricing,Medium,Medium,Not Started,OM-070,6,,Not Started,Not Started,Yes,Contract management,Contract prices work
OM-073,Order Management,Pricing,Promotional Pricing,Limited-time promotional pricing,Medium,Medium,Not Started,OM-070,6,,Not Started,Not Started,Yes,Promotions,Promotional pricing works
OM-074,Order Management,Pricing,Tiered Pricing,Quantity-based tiered pricing,Medium,High,Not Started,OM-070,7,,Not Started,Not Started,Yes,Volume incentives,Tiered pricing works
OM-075,Order Management,Pricing,Price Override,Allow price override with authority,High,Medium,Not Started,OM-070,5,,Not Started,Not Started,Yes,Pricing flexibility,Override works
OM-080,Order Management,Discounts,Line Discounts,Apply discounts to order lines,High,Medium,Not Started,OM-020,6,,Not Started,Not Started,Yes,Line-level pricing,Line discounts work
OM-081,Order Management,Discounts,Order Discounts,Apply discounts to entire order,High,Medium,Not Started,OM-020,6,,Not Started,Not Started,Yes,Order-level pricing,Order discounts work
OM-082,Order Management,Discounts,Customer Discounts,Customer-specific discount agreements,Medium,Medium,Not Started,AR-001,5,,Not Started,Not Started,Yes,Customer pricing,Customer discounts work
OM-083,Order Management,Discounts,Volume Discounts,Quantity-based discounts,Medium,Medium,Not Started,OM-020,6,,Not Started,Not Started,Yes,Volume incentives,Volume discounts work
OM-084,Order Management,Discounts,Discount Approval,Approval workflow for large discounts,High,High,Not Started,OM-080 UR-170,7,,Not Started,Not Started,Yes,Discount control,Approval works
OM-090,Order Management,Fulfillment,Pick Wave Creation,Create pick waves for orders,High,High,Not Started,OM-020,8,,Not Started,Not Started,Yes,Picking efficiency,Wave creation works
OM-091,Order Management,Fulfillment,Pick List Generation,Generate pick lists,Critical,Medium,Not Started,OM-090,6,,Not Started,Not Started,Yes,Warehouse operations,Pick lists generated
OM-092,Order Management,Fulfillment,Batch Picking,Support batch picking strategy,Medium,High,Not Started,OM-090,7,,Not Started,Not Started,Yes,Picking optimization,Batch picking works
OM-093,Order Management,Fulfillment,Mobile Picking,Mobile app for pick confirmation,Medium,High,Not Started,OM-091,8,,Not Started,Not Started,Yes,Warehouse mobility,Mobile picking works
OM-094,Order Management,Fulfillment,Pick Confirmation,Confirm picked quantities,Critical,Medium,Not Started,OM-091,6,,Not Started,Not Started,Yes,Accuracy verification,Confirmation works
OM-100,Order Management,Packing,Packing Slip Generation,Generate packing slips,Critical,Low,Not Started,OM-094,4,,Not Started,Not Started,Yes,Shipping documentation,Packing slips generated
OM-101,Order Management,Packing,Package Configuration,Define package dimensions and weight,Medium,Medium,Not Started,OM-100,5,,Not Started,Not Started,Yes,Shipping calculation,Package config works
OM-102,Order Management,Packing,Package Labeling,Generate package labels,High,Medium,Not Started,OM-100,5,,Not Started,Not Started,Yes,Package identification,Labels generated
OM-103,Order Management,Packing,Pack Confirmation,Confirm packed quantities,High,Medium,Not Started,OM-100,5,,Not Started,Not Started,Yes,Shipping readiness,Confirmation works
OM-110,Order Management,Allocation,Allocation Rules,Define inventory allocation rules,High,High,Not Started,OM-020,8,,Not Started,Not Started,Yes,Inventory distribution,Rules functional
OM-111,Order Management,Allocation,Priority Allocation,Allocate by priority (customer order),High,High,Not Started,OM-110,7,,Not Started,Not Started,Yes,Priority fulfillment,Priority works
OM-112,Order Management,Allocation,FIFO Allocation,First in first out allocation,Medium,Medium,Not Started,OM-110,5,,Not Started,Not Started,Yes,Fair allocation,FIFO works
OM-113,Order Management,Allocation,Partial Allocation,Allow partial order allocation,High,Medium,Not Started,OM-110,6,,Not Started,Not Started,Yes,Flexible fulfillment,Partial allocation works
OM-120,Order Management,Shipping,Shipment Processing,Process order shipments,Critical,High,Not Started,OM-100,9,,Not Started,Not Started,Yes,Order completion,Shipment processing works
OM-121,Order Management,Shipping,Carrier Selection,Select shipping carrier,High,Medium,Not Started,OM-120,6,,Not Started,Not Started,Yes,Carrier management,Selection works
OM-122,Order Management,Shipping,Rate Shopping,Compare carrier rates,Medium,High,Not Started,OM-121,8,,Not Started,Not Started,Yes,Cost optimization,Rate shopping works
OM-123,Order Management,Shipping,Shipping Labels,Generate shipping labels,Critical,High,Not Started,OM-120,7,,Not Started,Not Started,Yes,Shipping documentation,Labels generated
OM-124,Order Management,Shipping,Tracking Numbers,Capture carrier tracking numbers,High,Low,Not Started,OM-120,4,,Not Started,Not Started,Yes,Shipment tracking,Tracking captured
OM-125,Order Management,Shipping,Ship Confirmation,Confirm order shipment,Critical,Medium,Not Started,OM-120,6,,Not Started,Not Started,Yes,Inventory reduction,Confirmation works
OM-126,Order Management,Shipping,Delivery Confirmation,Track delivery confirmation,Medium,Medium,Not Started,OM-125,5,,Not Started,Not Started,Yes,Proof of delivery,Confirmation tracked
OM-130,Order Management,Freight,Freight Calculation,Calculate shipping freight charges,High,High,Not Started,OM-120,7,,Not Started,Not Started,Yes,Freight billing,Calculation works
OM-131,Order Management,Freight,Freight by Weight,Weight-based freight calculation,High,Medium,Not Started,OM-130,5,,Not Started,Not Started,Yes,Weight pricing,Weight calc works
OM-132,Order Management,Freight,Freight Zones,Zone-based freight pricing,Medium,Medium,Not Started,OM-130,5,,Not Started,Not Started,Yes,Geographic pricing,Zones work
OM-133,Order Management,Freight,Free Freight Threshold,Free freight above threshold,Medium,Low,Not Started,OM-130,4,,Not Started,Not Started,Yes,Freight promotion,Threshold works
OM-134,Order Management,Freight,Freight Billing Options,Prepaid Collect Third Party options,High,Medium,Not Started,OM-130,5,,Not Started,Not Started,Yes,Billing flexibility,Options work
OM-140,Order Management,Returns RMA,RMA Creation,Create return merchandise authorizations,High,High,Not Started,AR-001,8,,Not Started,Not Started,Yes,Return processing,RMAs created
OM-141,Order Management,Returns RMA,Return Reasons,Categorize return reasons,Medium,Low,Not Started,OM-140,3,,Not Started,Not Started,Yes,Return tracking,Reasons captured
OM-142,Order Management,Returns RMA,RMA Approval,Approval workflow for returns,High,High,Not Started,OM-140 UR-170,7,,Not Started,Not Started,Yes,Return authorization,Approval works
OM-143,Order Management,Returns RMA,Return Receipt,Receive returned goods,High,High,Not Started,OM-140,7,,Not Started,Not Started,Yes,Return processing,Receipt works
OM-144,Order Management,Returns RMA,Return Disposition,Restock Scrap Return to Vendor,High,Medium,Not Started,OM-143,6,,Not Started,Not Started,Yes,Return handling,Disposition works
OM-145,Order Management,Returns RMA,Credit Memo Creation,Create credit memo for returns,Critical,High,Not Started,OM-140 AR-180,8,,Not Started,Not Started,Yes,Return credit,Credit memos created
OM-146,Order Management,Returns RMA,Replacement Order,Create replacement orders,Medium,Medium,Not Started,OM-140,6,,Not Started,Not Started,Yes,Return exchange,Replacement works
OM-147,Order Management,Returns RMA,Restocking Fee,Apply restocking fees to returns,Medium,Medium,Not Started,OM-140,5,,Not Started,Not Started,Yes,Return costs,Fee application works
OM-150,Order Management,Invoicing,Auto-Invoice on Ship,Automatic invoice on shipment,Critical,High,Not Started,OM-125,8,,Not Started,Not Started,Yes,Billing automation,Auto-invoice works
OM-151,Order Management,Invoicing,Invoice Consolidation,Consolidate multiple orders to one invoice,High,High,Not Started,OM-150,7,,Not Started,Not Started,Yes,Billing efficiency,Consolidation works
OM-152,Order Management,Invoicing,Partial Invoicing,Invoice partial shipments,High,Medium,Not Started,OM-150,6,,Not Started,Not Started,Yes,Flexible billing,Partial invoicing works
OM-153,Order Management,Invoicing,Milestone Invoicing,Invoice by project milestones,Medium,High,Not Started,OM-150,8,,Not Started,Not Started,Yes,Progress billing,Milestone invoicing works
OM-154,Order Management,Invoicing,Invoice to AR Transfer,Transfer invoices to AR module,Critical,High,Not Started,OM-150 AR-320,9,,Not Started,Not Started,Yes,AR integration,Transfer works
OM-160,Order Management,Back Orders,Back Order Creation,Automatically create back orders,High,High,Not Started,OM-020,7,,Not Started,Not Started,Yes,Partial fulfillment,Back orders created
OM-161,Order Management,Back Orders,Back Order Notification,Notify customers of back orders,Medium,Medium,Not Started,OM-160,5,,Not Started,Not Started,Yes,Customer communication,Notifications sent
OM-162,Order Management,Back Orders,Back Order Fulfillment,Fulfill back orders when stock available,High,High,Not Started,OM-160,8,,Not Started,Not Started,Yes,Order completion,Fulfillment works
OM-163,Order Management,Back Orders,Partial vs Complete Ship,Configure partial or complete shipment,High,Medium,Not Started,OM-160,5,,Not Started,Not Started,Yes,Shipping strategy,Configuration works
OM-164,Order Management,Back Orders,Back Order Cancellation,Cancel back orders by customer request,Medium,Low,Not Started,OM-160,4,,Not Started,Not Started,Yes,Order management,Cancellation works
OM-170,Order Management,Commissions,Commission Plans,Define sales commission plans,Medium,High,Not Started,,7,,Not Started,Not Started,Yes,Sales compensation,Plans configured
OM-171,Order Management,Commissions,Commission Rates,Set commission rates and tiers,Medium,Medium,Not Started,OM-170,5,,Not Started,Not Started,Yes,Compensation structure,Rates set
OM-172,Order Management,Commissions,Commission Calculation,Calculate sales commissions,Medium,High,Not Started,OM-170,8,,Not Started,Not Started,Yes,Compensation processing,Calculation works
OM-173,Order Management,Commissions,Split Commissions,Split commissions among multiple reps,Medium,Medium,Not Started,OM-170,6,,Not Started,Not Started,Yes,Team selling,Split works
OM-174,Order Management,Commissions,Commission Reporting,Commission reports for salespeople,Medium,Medium,Not Started,OM-172,6,,Not Started,Not Started,Yes,Compensation visibility,Reports functional
OM-180,Order Management,Period Close,OM Period Close,Month-end close for order management,Critical,High,Not Started,OM-020,8,,Not Started,Not Started,Yes,Financial close,Close process works
OM-181,Order Management,Period Close,Order Entry Cutoff,Enforce order entry cutoff dates,Critical,Medium,Not Started,OM-180,6,,Not Started,Not Started,Yes,Period control,Cutoff enforced
OM-182,Order Management,Period Close,Shipment Cutoff,Enforce shipment cutoff dates,Critical,Medium,Not Started,OM-180,6,,Not Started,Not Started,Yes,Revenue cutoff,Cutoff enforced
OM-183,Order Management,Period Close,Revenue Recognition,Recognize revenue per policy,Critical,High,Not Started,OM-180,9,,Not Started,Not Started,Yes,Revenue accounting,Recognition works
OM-184,Order Management,Period Close,Unbilled Shipments,Track unbilled shipped orders,High,Medium,Not Started,OM-180,6,,Not Started,Not Started,Yes,Accrual tracking,Unbilled tracked
OM-185,Order Management,Period Close,Unshipped Orders,Review unshipped order backlog,High,Medium,Not Started,OM-180,5,,Not Started,Not Started,Yes,Backlog analysis,Review works
OM-190,Order Management,Reporting,Open Orders Report,Report open sales orders,High,Low,Not Started,OM-020,4,,Not Started,Not Started,Yes,Order visibility,Report works
OM-191,Order Management,Reporting,Order Status Report,Detailed order status report,High,Low,Not Started,OM-030,4,,Not Started,Not Started,Yes,Status tracking,Report works
OM-192,Order Management,Reporting,Backlog Report,Order backlog analysis,High,Medium,Not Started,OM-020,5,,Not Started,Not Started,Yes,Backlog visibility,Report works
OM-193,Order Management,Reporting,Shipment Register,Detailed shipment listing,High,Low,Not Started,OM-120,4,,Not Started,Not Started,Yes,Shipment tracking,Report works
OM-194,Order Management,Reporting,Sales Analysis,Sales by customer product region,High,High,Not Started,OM-020,8,,Not Started,Not Started,Yes,Sales intelligence,Analysis works
OM-195,Order Management,Reporting,On-Time Delivery,On-time delivery performance,Medium,Medium,Not Started,OM-120,6,,Not Started,Not Started,Yes,Performance metrics,Metrics calculated
OM-196,Order Management,Reporting,Order Fill Rate,Order fill rate metrics,Medium,Medium,Not Started,OM-020,6,,Not Started,Not Started,Yes,Fulfillment metrics,Fill rate calculated
OM-200,Order Management,Analytics,Sales Analytics,Analyze sales trends and patterns,Medium,High,Not Started,OM-020,8,,Not Started,Not Started,Yes,Business intelligence,Analytics work
OM-201,Order Management,Analytics,Order Cycle Time,Calculate order cycle time metrics,Medium,Medium,Not Started,OM-020,6,,Not Started,Not Started,Yes,Performance tracking,Metrics calculated
OM-202,Order Management,Analytics,Perfect Order Rate,Calculate perfect order percentage,Medium,High,Not Started,OM-020,7,,Not Started,Not Started,Yes,Quality metrics,Calculation works
OM-203,Order Management,Analytics,Product Performance,Analyze product sales performance,Medium,High,Not Started,OM-020,7,,Not Started,Not Started,Yes,Product analysis,Analysis works
OM-210,Order Management,Integration,AR Integration,Integrate with Accounts Receivable,Critical,High,Not Started,AR-320,9,,Not Started,Not Started,Yes,Order to cash,AR integration works
OM-211,Order Management,Integration,Inventory Integration,Integrate with Inventory Management,Critical,High,Not Started,INV-190,9,,Not Started,Not Started,Yes,Stock management,Inventory integration works
OM-212,Order Management,Integration,GL Integration,Post revenue and COGS to GL,Critical,High,Not Started,GL-200,9,,Not Started,Not Started,Yes,Financial integration,GL posting works
OM-213,Order Management,Integration,CRM Integration,Integrate with CRM system,Medium,High,Not Started,OM-020,8,,Not Started,Not Started,Yes,Sales process,CRM integration works
OM-220,Order Management,Security,OM Roles,Predefined OM roles (Manager Sales Rep),Critical,Medium,Not Started,UR-025,5,,Not Started,Not Started,Yes,Access control,Roles configured
OM-221,Order Management,Security,Order Entry Privileges,Control order entry access,High,Medium,Not Started,UR-060,5,,Not Started,Not Started,Yes,Function control,Privileges enforced
OM-222,Order Management,Security,Price Override Authority,Approval limits for price overrides,High,Medium,Not Started,UR-534,5,,Not Started,Not Started,Yes,Pricing control,Authority enforced
OM-223,Order Management,Security,Discount Approval Authority,Approval limits for discounts,High,Medium,Not Started,UR-534,5,,Not Started,Not Started,Yes,Discount control,Authority enforced
OM-224,Order Management,Security,Data Security,Customer and order data access,High,High,Not Started,UR-040,7,,Not Started,Not Started,Yes,Data isolation,Security enforced
OM-225,Order Management,Security,Audit Trail,Complete OM activity audit trail,Critical,Medium,Not Started,UR-140,6,,Not Started,Not Started,Yes,Compliance,Audit trail complete
OM-230,Order Management,Technical,Performance,Support high-volume order processing,Critical,High,Not Started,,8,,Not Started,Not Started,Yes,Scalability,Performance requirements met
OM-231,Order Management,Technical,Real-Time Processing,Real-time order and inventory updates,Critical,High,Not Started,,8,,Not Started,Not Started,Yes,Current data,Real-time works
OM-232,Order Management,Technical,API Integration,REST APIs for OM operations,High,High,Not Started,,9,,Not Started,Not Started,Yes,System integration,APIs functional
OM-240,Order Management,Compliance,Revenue Recognition Compliance,ASC 606 IFRS 15 compliance,High,High,Not Started,AR-360,8,,Not Started,Not Started,Yes,Revenue standards,Compliance met
OM-241,Order Management,Compliance,SOX Compliance,SOX controls for order management,High,High,Not Started,UR-271,7,,Not Started,Not Started,Yes,Regulatory compliance,SOX compliant
PAY-001,Payroll,Setup,Payroll Configuration,Configure payroll system parameters,Critical,High,Not Started,HCM-001,8,,,Yes,,Pay frequency schedule and processing rules
PAY-002,Payroll,Setup,Payroll Entities,Define payroll legal entities,Critical,Medium,Not Started,GL-001,6,,,Yes,,Tax IDs and entity structure
PAY-003,Payroll,Setup,Pay Groups,Group employees for processing,Critical,Medium,Not Started,PAY-001,5,,,Yes,,Pay groups with schedules
PAY-010,Payroll,Earnings,Earning Codes,Define earning types,Critical,Medium,Not Started,PAY-001,6,,,Yes,,Comprehensive earning code library
PAY-011,Payroll,Earnings,Salary Wage Calc,Calculate gross pay,Critical,High,Not Started,HCM-020,10,,,Yes,,Salary and hourly calculations
PAY-012,Payroll,Earnings,Supplemental Pay,Process bonuses and commissions,High,Medium,Not Started,PAY-011,7,,,Yes,,Supplemental withholding methods
PAY-020,Payroll,Deductions,Deduction Codes,Define deduction types,Critical,Medium,Not Started,PAY-001,6,,,Yes,,Tax benefit and voluntary deductions
PAY-021,Payroll,Deductions,Tax Withholding,Calculate tax withholding,Critical,High,Not Started,PAY-020,12,,,Yes,,Federal state and local tax calculation
PAY-022,Payroll,Deductions,Benefit Deductions,Process benefit deductions,Critical,High,Not Started,PAY-092,9,,,Yes,,Health insurance 401k HSA FSA
PAY-030,Payroll,Garnishments,Garnishment Mgmt,Process garnishments,High,High,Not Started,PAY-020,10,,,Yes,,Court orders and priority rules
PAY-031,Payroll,Garnishments,Child Support,Process child support withholding,High,High,Not Started,PAY-030,8,,,Yes,,Income withholding orders
PAY-040,Payroll,Processing,Payroll Run,Execute payroll calculation,Critical,High,Not Started,PAY-091,12,,,Yes,,Full payroll cycle processing
PAY-041,Payroll,Processing,Off-Cycle Payroll,Process off-cycle payments,High,Medium,Not Started,PAY-040,7,,,Yes,,Exceptions and terminations
PAY-042,Payroll,Processing,Retroactive Processing,Process retro pay adjustments,High,High,Not Started,PAY-040,9,,,Yes,,Backdated changes and corrections
PAY-050,Payroll,Payment,Direct Deposit,Electronic wage payment,Critical,High,Not Started,PAY-040,10,,,Yes,,ACH file generation and transmission
PAY-051,Payroll,Payment,Check Processing,Print and issue payroll checks,High,Medium,Not Started,PAY-040,8,,,Yes,,Check printing and positive pay
PAY-052,Payroll,Payment,Pay Cards,Support payroll debit cards,Medium,Medium,Not Started,PAY-050,6,,,Yes,,Card funding and management
PAY-060,Payroll,Reporting,Pay Statements,Generate employee pay stubs,Critical,Medium,Not Started,PAY-040,7,,,Yes,,Electronic and paper pay stubs
PAY-061,Payroll,Reporting,Payroll Reports,Operational payroll reports,Critical,Medium,Not Started,PAY-040,8,,,Yes,,Registers and summary reports
PAY-062,Payroll,Reporting,Payroll Analytics,Analytics and dashboards,High,Medium,Not Started,PAY-061,8,,,No,,Labor cost and payroll metrics
PAY-070,Payroll,Tax,Tax Filing Remittance,Manage tax obligations,Critical,High,Not Started,PAY-021,11,,,Yes,,941 940 and state returns
PAY-071,Payroll,Tax,W-2 Processing,Generate annual W-2 forms,Critical,High,Not Started,PAY-070,10,,,Yes,,W-2 generation and filing
PAY-072,Payroll,Tax,1099 Processing,Generate 1099 forms for contractors,High,Medium,Not Started,AP-001,8,,,Yes,,1099-NEC and 1099-MISC
PAY-080,Payroll,Multi-State,Multi-State Payroll,Support multi-state employees,High,High,Not Started,PAY-021,11,,,Yes,,State tax and unemployment
PAY-081,Payroll,Multi-State,Local Tax,Manage local taxes,High,High,Not Started,PAY-080,9,,,Yes,,City county school district taxes
PAY-082,Payroll,Multi-State,International Payroll,Support global payroll,Low,High,Not Started,PAY-080,15,,,No,,Multi-currency and country rules
PAY-090,Payroll,Integration,HCM Integration,Integration with HCM module,Critical,High,Not Started,HCM-001,10,,,Yes,,Employee and compensation data
PAY-091,Payroll,Integration,Time Integration,Import time and attendance,Critical,High,Not Started,None,10,,,Yes,,Hours worked for pay calculation
PAY-092,Payroll,Integration,Benefits Integration,Sync benefit deductions,Critical,High,Not Started,None,9,,,Yes,,Benefit enrollment and costs
PAY-093,Payroll,Integration,GL Integration,Post payroll to General Ledger,Critical,High,Not Started,GL-001,11,,,Yes,,Payroll expense and liability entries
PAY-100,Payroll,Year-End,Year-End Close,Close payroll year,Critical,High,Not Started,PAY-071,10,,,Yes,,W-2 processing and year reset
PAY-101,Payroll,Year-End,Quarter-End Process,Close payroll quarter,Critical,Medium,Not Started,PAY-070,7,,,Yes,,Form 941 and state quarterly
PAY-110,Payroll,Corrections,Payroll Corrections,Process payroll errors,Critical,Medium,Not Started,PAY-040,7,,,Yes,,Error corrections and reprocessing
PAY-111,Payroll,Corrections,Manual Adjustments,Manual payroll adjustments,High,Medium,Not Started,PAY-110,6,,,Yes,,Approved manual changes
PAY-120,Payroll,Self-Service,Payroll Inquiry,Employee payroll self-service,Critical,Medium,Not Started,HCM-060,8,,,Yes,,View pay stubs and history
PAY-121,Payroll,Self-Service,Payroll Updates,Update payroll information,High,Medium,Not Started,PAY-120,6,,,Yes,,W-4 and direct deposit changes
PAY-130,Payroll,Compliance,Wage Hour Compliance,FLSA and wage law compliance,Critical,Medium,Not Started,HCM-095,7,,,Yes,,Minimum wage and overtime rules
PAY-131,Payroll,Compliance,Payroll Audit,Audit trail and SOX compliance,Critical,Medium,Not Started,PAY-110,6,,,Yes,,Complete change logging
PAY-004,Payroll,Setup,Pay Calendar,Define pay periods and dates,Critical,Medium,Not Started,PAY-001,5,,,Yes,,Annual pay calendar setup
PAY-013,Payroll,Earnings,Overtime Calculation,Calculate overtime pay,Critical,High,Not Started,PAY-011,8,,,Yes,,FLSA overtime rules 1.5x and 2x
PAY-023,Payroll,Deductions,Pre-Tax vs Post-Tax,Handle tax treatment,Critical,Medium,Not Started,PAY-020,6,,,Yes,,Deduction order and tax impact
PAY-032,Payroll,Garnishments,Tax Levy,Process IRS and state levies,High,Medium,Not Started,PAY-030,7,,,Yes,,Tax levy calculations
PAY-043,Payroll,Processing,Payroll Validation,Validate payroll before posting,Critical,Medium,Not Started,PAY-040,7,,,Yes,,Pre-post validation checks
PAY-053,Payroll,Payment,Payment Reversal,Reverse payroll payments,High,Medium,Not Started,PAY-050,6,,,Yes,,ACH reversals and voids
PAY-063,Payroll,Reporting,Labor Distribution,Labor cost by department/project,High,Medium,Not Started,PAY-061,7,,,Yes,,Cost allocation reporting
PAY-073,Payroll,Tax,Tax Table Updates,Maintain current tax tables,Critical,Medium,Not Started,PAY-021,6,,,Yes,,Annual and ad-hoc tax updates
PAY-082-1,Payroll,Multi-State,State Disability,Calculate state disability insurance,Medium,Medium,Not Started,PAY-080,7,,,Yes,,CA SDI NY DBL etc
PAY-094,Payroll,Integration,Absence Integration,Integrate with absence management,High,High,Not Started,None,8,,,Yes,,PTO balances and payouts
PAY-102,Payroll,Year-End,W-2c Corrections,Process W-2 corrections,High,Medium,Not Started,PAY-071,6,,,Yes,,Corrected W-2 forms
PAY-112,Payroll,Corrections,Overpayment Recovery,Recover employee overpayments,High,Medium,Not Started,PAY-110,6,,,Yes,,Repayment plans and deductions
PAY-122,Payroll,Self-Service,Tax Documents,Provide tax documents online,High,Medium,Not Started,PAY-120,5,,,Yes,,W-2 and 1095 online access
PAY-005,Payroll,Setup,Payroll Approvers,Define approval workflow,High,Medium,Not Started,UR-060,5,,,Yes,,Multi-level payroll approvals
PAY-014,Payroll,Earnings,Shift Differential,Calculate shift premiums,Medium,Medium,Not Started,PAY-011,5,,,Yes,,Night and weekend differentials
PAY-024,Payroll,Deductions,401k Limits,Enforce 401k annual limits,Critical,Medium,Not Started,PAY-022,6,,,Yes,,IRS contribution limits
PAY-033,Payroll,Garnishments,Bankruptcy Orders,Process bankruptcy garnishments,Medium,Medium,Not Started,PAY-030,6,,,Yes,,Chapter 13 wage orders
PAY-044,Payroll,Processing,Multi-Currency Pay,Support multiple currencies,Low,High,Not Started,GL-060,9,,,Yes,,Foreign currency payroll
PAY-054,Payroll,Payment,Void and Reissue,Void and reissue payments,High,Medium,Not Started,PAY-051,6,,,Yes,,Lost or damaged checks
PAY-064,Payroll,Reporting,Payroll Reconciliation,Reconcile payroll to GL,Critical,Medium,Not Started,PAY-093,7,,,Yes,,Payroll subledger reconciliation
PAY-074,Payroll,Tax,Electronic Filing,File taxes electronically,High,High,Not Started,PAY-070,9,,,Yes,,EFTPS and state e-file
PAY-083,Payroll,Multi-State,Reciprocal Agreements,Handle state reciprocal agreements,Medium,Medium,Not Started,PAY-080,5,,,Yes,,Prevent double taxation
PAY-095,Payroll,Integration,Workers Comp,Integrate with workers compensation,Medium,Medium,Not Started,PAY-093,7,,,Yes,,WC rates and premium calculation
PAY-103,Payroll,Year-End,ACA Reporting,Generate ACA forms 1095,High,High,Not Started,PAY-092,9,,,Yes,,1095-B and 1095-C forms
PAY-113,Payroll,Corrections,Mass Pay Adjustments,Bulk payroll corrections,Medium,Medium,Not Started,PAY-111,6,,,Yes,,Mass updates and corrections
PAY-123,Payroll,Self-Service,Payroll Notifications,Email payroll alerts,Medium,Low,Not Started,PAY-120,4,,,Yes,,Pay stub available notifications
PAY-006,Payroll,Setup,Rounding Rules,Configure pay rounding,Medium,Low,Not Started,PAY-001,3,,,Yes,,Hour and dollar rounding
PAY-015,Payroll,Earnings,Piece Rate Pay,Calculate piece rate earnings,Low,Medium,Not Started,PAY-011,6,,,Yes,,Units produced × rate
PAY-025,Payroll,Deductions,HSA Contributions,Manage HSA deductions,High,Medium,Not Started,PAY-022,5,,,Yes,,HSA limits and employer contributions
PAY-034,Payroll,Garnishments,Student Loans,Process student loan garnishments,Medium,Medium,Not Started,PAY-030,5,,,Yes,,Administrative wage garnishment
PAY-045,Payroll,Processing,Pay on Demand,Support earned wage access,Low,High,Not Started,PAY-040,10,,,No,,Early wage access programs
PAY-055,Payroll,Payment,Split Payments,Split net pay to multiple accounts,High,Medium,Not Started,PAY-050,6,,,Yes,,Allocate by amount or percentage
PAY-065,Payroll,Reporting,Payroll Variance,Analyze payroll variances,Medium,Medium,Not Started,PAY-062,6,,,No,,Period over period comparison
PAY-075,Payroll,Tax,Tax Notices,Manage tax notices and responses,High,Medium,Not Started,PAY-070,6,,,Yes,,IRS and state notice tracking
PAY-084,Payroll,Multi-State,Municipal Taxes,Handle municipal payroll taxes,Medium,Medium,Not Started,PAY-081,6,,,Yes,,City-specific requirements
PAY-096,Payroll,Integration,Third-Party Sick Pay,Integrate sick pay providers,Medium,High,Not Started,PAY-094,8,,,Yes,,STD LTD integration
PAY-104,Payroll,Year-End,Prior Year Adjustments,Process prior year corrections,High,Medium,Not Started,PAY-102,7,,,Yes,,Amend prior year returns
PAY-114,Payroll,Corrections,Payroll Reversals,Reverse entire payroll runs,High,High,Not Started,PAY-110,8,,,Yes,,Full payroll reversal capability
PAY-124,Payroll,Self-Service,Mobile Payroll,Mobile payroll access,Medium,High,Not Started,PAY-120,9,,,Yes,,Native mobile pay stub access
PAY-007,Payroll,Setup,Holiday Pay Rules,Configure holiday pay,Medium,Medium,Not Started,PAY-001,5,,,Yes,,Eligibility and calculation rules
PAY-016,Payroll,Earnings,Longevity Pay,Calculate service-based pay,Low,Low,Not Started,PAY-011,4,,,Yes,,Years of service bonuses
PAY-026,Payroll,Deductions,FSA Administration,Manage FSA deductions,High,Medium,Not Started,PAY-022,6,,,Yes,,Healthcare and dependent care FSA
PAY-035,Payroll,Garnishments,Multiple Garnishments,Handle concurrent garnishments,High,High,Not Started,PAY-030,8,,,Yes,,Priority and pro-ration rules
PAY-046,Payroll,Processing,Negative Pay,Handle negative pay scenarios,Medium,Medium,Not Started,PAY-040,5,,,Yes,,Overpayment and recovery
PAY-056,Payroll,Payment,Prenote Process,Prenote new direct deposits,High,Low,Not Started,PAY-050,4,,,Yes,,5-day prenote verification
PAY-066,Payroll,Reporting,Certified Payroll,Generate certified payroll reports,Medium,Medium,Not Started,PAY-061,6,,,Yes,,Davis-Bacon prevailing wage
PAY-076,Payroll,Tax,Unemployment Tax,Calculate and pay unemployment,Critical,High,Not Started,PAY-021,9,,,Yes,,FUTA and SUTA calculations
PAY-085,Payroll,Multi-State,Work Location Tracking,Track employee work locations,High,Medium,Not Started,HCM-015,6,,,Yes,,Multi-state work assignments
PAY-097,Payroll,Integration,Pension Integration,Integrate with pension systems,Medium,High,Not Started,PAY-092,8,,,Yes,,Defined benefit plan contributions
PAY-105,Payroll,Year-End,Escheatment,Report unclaimed wages,Medium,Medium,Not Started,PAY-051,6,,,Yes,,Abandoned property compliance
PAY-115,Payroll,Corrections,Payroll Reconciliation,Reconcile payroll discrepancies,High,Medium,Not Started,PAY-064,6,,,Yes,,Identify and resolve variances
PAY-125,Payroll,Self-Service,Payroll FAQs,Self-service help and FAQs,Low,Low,Not Started,PAY-120,3,,,Yes,,Common payroll questions
PAY-008,Payroll,Setup,Fringe Benefits,Configure taxable fringe benefits,Medium,Medium,Not Started,PAY-010,5,,,Yes,,Personal use of company car etc
PAY-017,Payroll,Earnings,Severance Pay,Calculate severance payments,High,Medium,Not Started,HCM-072,6,,,Yes,,Severance formulas and taxation
PAY-027,Payroll,Deductions,Roth 401k,Support Roth 401k contributions,High,Medium,Not Started,PAY-024,5,,,Yes,,Post-tax Roth deferrals
PAY-036,Payroll,Garnishments,Garnishment Limits,Enforce garnishment limits,Critical,Medium,Not Started,PAY-030,6,,,Yes,,Disposable income calculations
PAY-047,Payroll,Processing,Final Pay,Process termination final pay,Critical,High,Not Started,HCM-072,8,,,Yes,,State-specific final pay rules
PAY-057,Payroll,Payment,Positive Pay,Generate positive pay files,High,Medium,Not Started,CSH-080,6,,,Yes,,Check fraud prevention
PAY-067,Payroll,Reporting,Equal Pay Reporting,Support pay equity analysis,Medium,Medium,Not Started,HCM-085,7,,,No,,Gender pay gap reporting
PAY-077,Payroll,Tax,Tax Credits,Track employment tax credits,Medium,High,Not Started,PAY-076,7,,,Yes,,WOTC and other tax credits
PAY-086,Payroll,Multi-State,Telecommuter Tax,Handle remote worker taxation,High,High,Not Started,PAY-085,8,,,Yes,,COVID-era remote work tax rules
PAY-098,Payroll,Integration,Payroll API,Expose payroll data via API,Medium,High,Not Started,PAY-120,9,,,Yes,,RESTful API for integrations
PAY-106,Payroll,Year-End,Year-End Checklist,Year-end processing checklist,High,Low,Not Started,PAY-100,4,,,Yes,,Guided year-end process
PAY-116,Payroll,Corrections,Audit Corrections,Correct audit findings,High,Medium,Not Started,PAY-131,6,,,Yes,,Systematic correction process
PAY-126,Payroll,Self-Service,Print Pay History,Print cumulative pay history,Low,Low,Not Started,PAY-120,3,,,Yes,,Multi-period pay statements
PDM-001,Product Management,Product Master,Product Creation,Create and maintain product master records,Critical,High,Not Started,None,8,,,Yes,,Create products with unique IDs and core attributes
PDM-002,Product Management,Product Master,Product Attributes,Define and manage flexible product attributes,Critical,High,Not Started,PDM-001,10,,,Yes,,Support multiple attribute types with validation
PDM-003,Product Management,Product Master,Product Classifications,Classify products using standard taxonomies,High,Medium,Not Started,PDM-001,7,,,Yes,,Support UNSPSC eCl@ss and custom classifications
PDM-010,Product Management,Hierarchies,Product Hierarchies,Create multi-level product hierarchies,High,High,Not Started,PDM-001,9,,,Yes,,Support multiple hierarchy types for different purposes
PDM-011,Product Management,Hierarchies,Product Families Groups,Group related products into families,High,Medium,Not Started,PDM-010,6,,,Yes,,Create product families with inherited attributes
PDM-020,Product Management,Lifecycle,Lifecycle Stages,Manage products through lifecycle stages,Critical,Medium,Not Started,PDM-001,7,,,Yes,,Define stages from introduction to obsolescence
PDM-021,Product Management,Lifecycle,New Product Introduction,Structured NPI process with approvals,High,High,Not Started,PDM-020,10,,,Yes,,NPI workflow with readiness checklist
PDM-022,Product Management,Lifecycle,Product Discontinuation,Managed phase-out and discontinuation process,High,Medium,Not Started,PDM-020,7,,,Yes,,Phase-out plan with last-time-buy dates
PDM-030,Product Management,Relationships,Cross-References,Maintain cross-references to external IDs,Critical,Medium,Not Started,PDM-001,6,,,Yes,,Support customer supplier manufacturer part numbers
PDM-031,Product Management,Relationships,Substitutes Alternatives,Define substitute and alternative products,High,Medium,Not Started,PDM-001,6,,,Yes,,Configure automatic and suggested substitutions
PDM-032,Product Management,Relationships,Complementary Products,Link complementary and accessory products,Medium,Medium,Not Started,PDM-001,5,,,Yes,,Cross-sell and upsell recommendations
PDM-040,Product Management,Kits Bundles,Kit Management,Create and manage product kits,High,High,Not Started,PDM-001,9,,,Yes,,Define kits with components and pricing rules
PDM-041,Product Management,Kits Bundles,Bundle Management,Create product bundles for promotions,High,Medium,Not Started,PDM-040,7,,,Yes,,Configure fixed and flexible bundle rules
PDM-050,Product Management,Digital Assets,Product Images,Manage product images for catalogs,Critical,High,Not Started,PDM-001,8,,,Yes,,Upload multiple images with metadata
PDM-051,Product Management,Digital Assets,Product Documents,Attach product documents and specs,High,Medium,Not Started,PDM-001,6,,,Yes,,Manage spec sheets manuals certifications
PDM-052,Product Management,Digital Assets,Rich Media,Manage videos 3D models and rich media,Medium,High,Not Started,PDM-050,8,,,Yes,,Support video 3D AR/VR content
PDM-060,Product Management,Catalogs,Multi-Channel Catalogs,Create catalogs for different channels,High,High,Not Started,PDM-001,10,,,Yes,,Configure catalogs for e-commerce B2B print
PDM-061,Product Management,Catalogs,Catalog Publishing,Publish catalogs to channels and formats,Critical,High,Not Started,PDM-060,10,,,Yes,,Export and syndicate catalog data
PDM-070,Product Management,Versioning,Product Revisions,Manage product revisions and changes,High,High,Not Started,PDM-001,9,,,Yes,,Track revision history with effectivity
PDM-071,Product Management,Versioning,Change Management,Structured change management process,Critical,High,Not Started,PDM-070,10,,,Yes,,Change workflow with impact analysis
PDM-080,Product Management,Data Quality,Quality Rules,Enforce data quality rules,Critical,Medium,Not Started,PDM-002,7,,,Yes,,Validate completeness accuracy consistency
PDM-081,Product Management,Data Quality,Data Stewardship,Assign stewards for data governance,High,Medium,Not Started,PDM-080,6,,,Yes,,Define steward responsibilities and workflows
PDM-090,Product Management,Localization,Multi-Language Support,Support multiple languages,High,High,Not Started,PDM-001,9,,,Yes,,Translate descriptions and attributes
PDM-091,Product Management,Localization,Locale-Specific Content,Customize content for regions,High,High,Not Started,PDM-090,8,,,Yes,,Regional units compliance and formatting
PDM-100,Product Management,Search Discovery,Advanced Search,Powerful search across all attributes,Critical,High,Not Started,PDM-001,10,,,Yes,,Full-text faceted search with autocomplete
PDM-101,Product Management,Search Discovery,Browse Navigate,Navigate hierarchies and categories,High,Medium,Not Started,PDM-010,6,,,Yes,,Tree navigation with filtering
PDM-110,Product Management,Templates,Product Templates,Create templates for similar products,High,Medium,Not Started,PDM-001,6,,,Yes,,Define templates with default values
PDM-111,Product Management,Templates,Product Cloning,Clone existing products,High,Medium,Not Started,PDM-001,5,,,Yes,,Copy product data to create variants
PDM-120,Product Management,Integration,Inventory Integration,Sync product data to Inventory,Critical,High,Not Started,INV-001,10,,,Yes,,Real-time sync of product master data
PDM-121,Product Management,Integration,Purchasing Integration,Provide data for purchasing,Critical,High,Not Started,PO-001,9,,,Yes,,Feed purchasable products and specs
PDM-122,Product Management,Integration,Order Mgmt Integration,Supply data for sales orders,Critical,High,Not Started,OM-001,9,,,Yes,,Sync sellable products and attributes
PDM-123,Product Management,Integration,Pricing Integration,Foundation for pricing management,Critical,High,Not Started,PDM-010,8,,,Yes,,Provide hierarchy and attributes for pricing
PDM-124,Product Management,Integration,E-Commerce Integration,Syndicate to e-commerce platforms,High,High,Not Started,PDM-061,11,,,Yes,,Real-time catalog sync to web stores
PDM-130,Product Management,Reporting,Product Reports,Comprehensive product reporting,Critical,Medium,Not Started,PDM-001,7,,,Yes,,Generate master list lifecycle and quality reports
PDM-131,Product Management,Reporting,Product Analytics,Analytics dashboards for products,High,Medium,Not Started,PDM-130,8,,,No,,Portfolio lifecycle and quality dashboards
PDM-140,Product Management,Security,Product Security,Role-based access controls,Critical,Medium,Not Started,UR-001,6,,,Yes,,Field and category level security
PDM-141,Product Management,Security,Audit Compliance,Comprehensive audit trail,Critical,Medium,Not Started,PDM-140,5,,,Yes,,Log all changes with user and timestamp
PDM-004,Product Management,Product Master,Product Types,Support multiple product types,Critical,Medium,Not Started,PDM-001,6,,,Yes,,Finished goods raw materials services digital
PDM-005,Product Management,Product Master,Product Status,Manage product status lifecycle,Critical,Low,Not Started,PDM-001,4,,,Yes,,Active inactive obsolete pending
PDM-012,Product Management,Hierarchies,Hierarchy Security,Security by hierarchy node,High,Medium,Not Started,PDM-010,5,,,Yes,,Restrict access by category or hierarchy
PDM-023,Product Management,Lifecycle,Lifecycle Automation,Automate lifecycle stage transitions,Medium,High,Not Started,PDM-020,7,,,Yes,,Auto-transition based on rules and dates
PDM-033,Product Management,Relationships,Product Affinity,Track product affinities for recommendations,Medium,Medium,Not Started,PDM-032,6,,,No,,Frequently bought together analysis
PDM-042,Product Management,Kits Bundles,Nested Kits,Support kits containing other kits,Medium,High,Not Started,PDM-040,6,,,Yes,,Multi-level kit structures
PDM-053,Product Management,Digital Assets,Asset Management,Centralized digital asset repository,High,High,Not Started,PDM-050,10,,,Yes,,DAM system for all product assets
PDM-054,Product Management,Digital Assets,Image Processing,Automatic image processing and optimization,Medium,High,Not Started,PDM-050,8,,,Yes,,Resize crop and optimize images
PDM-062,Product Management,Catalogs,Catalog Versioning,Version and archive catalog releases,High,Medium,Not Started,PDM-061,5,,,Yes,,Maintain catalog version history
PDM-072,Product Management,Versioning,Revision Comparison,Compare product revisions,Medium,Medium,Not Started,PDM-070,5,,,Yes,,Side-by-side revision comparison
PDM-082,Product Management,Data Quality,Completeness Scoring,Calculate data completeness scores,High,Medium,Not Started,PDM-080,6,,,Yes,,Score products by attribute population
PDM-092,Product Management,Localization,Translation Workflow,Workflow for content translation,Medium,High,Not Started,PDM-090,7,,,Yes,,Manage translation requests and status
PDM-102,Product Management,Search Discovery,Saved Searches,Save and reuse search criteria,Medium,Low,Not Started,PDM-100,3,,,Yes,,Save frequent searches for quick access
PDM-112,Product Management,Templates,Template Library,Maintain library of product templates,Medium,Medium,Not Started,PDM-110,4,,,Yes,,Organize templates by category
PDM-125,Product Management,Integration,PLM Integration,Integration with PLM systems,Medium,High,Not Started,PDM-070,10,,,No,,Sync with Product Lifecycle Management
PDM-132,Product Management,Reporting,Quality Dashboard,Data quality monitoring dashboard,High,Medium,Not Started,PDM-082,6,,,Yes,,Visual quality metrics and trends
PDM-006,Product Management,Product Master,Multi-UOM,Support multiple units of measure,High,High,Not Started,PDM-001,7,,,Yes,,Primary and alternate UOMs with conversions
PDM-013,Product Management,Hierarchies,Dynamic Hierarchies,Create dynamic hierarchies by rules,Medium,High,Not Started,PDM-010,8,,,No,,Auto-assign products based on attributes
PDM-024,Product Management,Lifecycle,Phase-Out Planning,Plan and track product phase-outs,High,Medium,Not Started,PDM-022,6,,,Yes,,Inventory liquidation and replacement planning
PDM-034,Product Management,Relationships,Supersession,Track product supersession chains,Medium,Medium,Not Started,PDM-031,5,,,Yes,,Replacement product history
PDM-043,Product Management,Kits Bundles,Kit Pricing Rules,Flexible kit pricing strategies,High,Medium,Not Started,PDM-040,6,,,Yes,,Sum component discounted or fixed pricing
PDM-055,Product Management,Digital Assets,Bulk Upload,Bulk upload images and documents,High,Medium,Not Started,PDM-050,6,,,Yes,,Upload multiple assets at once
PDM-063,Product Management,Catalogs,Channel-Specific Content,Customize content by channel,High,High,Not Started,PDM-060,8,,,Yes,,Different content for B2B vs B2C
PDM-073,Product Management,Versioning,ECO Integration,Link to Engineering Change Orders,Medium,High,Not Started,PDM-070,7,,,No,,Connect revisions to ECO system
PDM-083,Product Management,Data Quality,Validation Rules,Configure custom validation rules,High,Medium,Not Started,PDM-080,7,,,Yes,,Define business rules for attributes
PDM-093,Product Management,Localization,Currency Conversion,Support multiple currencies,High,Medium,Not Started,GL-060,5,,,Yes,,Display prices in local currencies
PDM-103,Product Management,Search Discovery,Fuzzy Search,Fuzzy matching for typos,Medium,Medium,Not Started,PDM-100,5,,,Yes,,Find products despite spelling errors
PDM-113,Product Management,Templates,Bulk Product Creation,Create multiple products from template,High,High,Not Started,PDM-110,8,,,Yes,,Mass product creation with variations
PDM-126,Product Management,Integration,MDM Integration,Integration with Master Data Management,Medium,High,Not Started,PDM-001,10,,,No,,Sync with enterprise MDM system
PDM-133,Product Management,Reporting,NPI Dashboard,New product introduction tracking,High,Medium,Not Started,PDM-021,6,,,Yes,,Monitor NPI pipeline and status
PDM-007,Product Management,Product Master,Custom Attributes,User-defined custom attributes,High,Medium,Not Started,PDM-002,6,,,Yes,,Extend product model with UDAs
PDM-014,Product Management,Hierarchies,Hierarchy Rollups,Aggregate reporting up hierarchies,High,Medium,Not Started,PDM-010,6,,,Yes,,Sum quantities and values by level
PDM-025,Product Management,Lifecycle,Lifecycle Reports,Generate lifecycle status reports,High,Low,Not Started,PDM-020,4,,,Yes,,Report products by stage
PDM-035,Product Management,Relationships,Component Where-Used,Track where components used,Medium,Medium,Not Started,PDM-040,5,,,Yes,,Identify all kits using a component
PDM-044,Product Management,Kits Bundles,Kit Availability,Calculate kit availability from components,High,High,Not Started,PDM-040,7,,,Yes,,ATP for kits based on component stock
PDM-056,Product Management,Digital Assets,Asset Versioning,Version control for digital assets,Medium,Medium,Not Started,PDM-053,5,,,Yes,,Track changes to images and documents
PDM-064,Product Management,Catalogs,Catalog Scheduling,Schedule catalog publications,Medium,Medium,Not Started,PDM-061,4,,,Yes,,Automated catalog publishing on schedule
PDM-074,Product Management,Versioning,Mass Revision Updates,Bulk revision updates,Medium,Medium,Not Started,PDM-070,6,,,Yes,,Update revisions for multiple products
PDM-084,Product Management,Data Quality,Quality Workflows,Workflow to resolve quality issues,High,High,Not Started,PDM-080,8,,,Yes,,Route quality problems to stewards
PDM-094,Product Management,Localization,Regional Compliance,Manage regional compliance data,High,High,Not Started,PDM-091,7,,,No,,Country-specific certifications and labels
PDM-104,Product Management,Search Discovery,Search Ranking,Configurable search result ranking,Medium,Medium,Not Started,PDM-100,5,,,Yes,,Boost results by relevance rules
PDM-114,Product Management,Templates,Template Inheritance,Hierarchical template inheritance,Medium,High,Not Started,PDM-110,6,,,Yes,,Inherit and override template values
PDM-127,Product Management,Integration,Marketplace Integration,Integrate with online marketplaces,High,High,Not Started,PDM-124,11,,,Yes,,Syndicate to Amazon eBay Walmart etc
PDM-134,Product Management,Reporting,Catalog Coverage,Report catalog completeness,Medium,Low,Not Started,PDM-060,4,,,Yes,,Measure % products in each catalog
PDM-008,Product Management,Product Master,Product Approval,Approval workflow for new products,High,Medium,Not Started,UR-060,6,,,Yes,,Require approval before activation
PDM-015,Product Management,Hierarchies,Hierarchy Changes,Track hierarchy changes over time,Medium,Medium,Not Started,PDM-010,5,,,Yes,,Historical hierarchy for trending
PDM-026,Product Management,Lifecycle,Lifecycle Alerts,Automated lifecycle alerts,Medium,Low,Not Started,PDM-020,4,,,Yes,,Notify stakeholders of stage changes
PDM-036,Product Management,Relationships,Relationship Types,Extensible relationship types,Medium,Medium,Not Started,PDM-030,5,,,Yes,,Define custom product relationships
PDM-045,Product Management,Kits Bundles,Flexible Bundles,Choose X of Y bundle configuration,Medium,High,Not Started,PDM-041,7,,,Yes,,Customer selects from bundle options
PDM-057,Product Management,Digital Assets,Asset Rights Management,Manage usage rights for assets,Low,Medium,Not Started,PDM-053,5,,,Yes,,Track licenses and permissions
PDM-065,Product Management,Catalogs,Catalog Validation,Validate catalog data before publishing,Critical,Medium,Not Started,PDM-061,6,,,Yes,,Quality checks before catalog release
PDM-075,Product Management,Versioning,Effectivity Dates,Manage revision effectivity dates,High,Medium,Not Started,PDM-070,5,,,Yes,,Control when revisions become active
PDM-085,Product Management,Data Quality,Duplicate Detection,Detect duplicate products,High,High,Not Started,PDM-080,8,,,Yes,,Identify potential duplicate entries
PDM-095,Product Management,Localization,Date Time Formats,Regional date and time formatting,Medium,Low,Not Started,PDM-091,3,,,Yes,,Display dates per locale conventions
PDM-105,Product Management,Search Discovery,Faceted Navigation,Faceted search and filtering,High,High,Not Started,PDM-100,8,,,Yes,,Filter by multiple attribute dimensions
PDM-115,Product Management,Templates,Template Validation,Validate products against templates,Medium,Medium,Not Started,PDM-110,5,,,Yes,,Ensure template compliance
PDM-128,Product Management,Integration,PIM Export,Export to external PIM systems,Medium,High,Not Started,PDM-001,9,,,Yes,,Standard format exports (GS1 GDSN)
PDM-135,Product Management,Reporting,Portfolio Analysis,Analyze product portfolio health,High,Medium,Not Started,PDM-131,7,,,No,,Visualize portfolio by dimensions
PDM-009,Product Management,Product Master,Product Tags,Tag products for grouping,Medium,Low,Not Started,PDM-001,3,,,Yes,,Free-form tags for flexible grouping
PDM-016,Product Management,Hierarchies,Hierarchy Export,Export hierarchies to external systems,Medium,Medium,Not Started,PDM-010,4,,,Yes,,Sync hierarchies to other systems
PDM-027,Product Management,Lifecycle,Launch Coordination,Coordinate product launches,Medium,High,Not Started,PDM-021,7,,,No,,Cross-functional launch planning
PDM-037,Product Management,Relationships,Auto Cross-Reference,Auto-populate cross-references,Medium,Medium,Not Started,PDM-030,5,,,Yes,,Import cross-refs from suppliers
PDM-046,Product Management,Kits Bundles,Kit Substitution,Substitute components in kits,Medium,Medium,Not Started,PDM-031,5,,,Yes,,Allow alternative components
PDM-058,Product Management,Digital Assets,Video Encoding,Encode videos for multiple formats,Low,High,Not Started,PDM-052,8,,,Yes,,Convert to web mobile and HD
PDM-066,Product Management,Catalogs,Print Catalog Layout,Layout tools for print catalogs,Low,High,Not Started,PDM-061,10,,,No,,Design page layouts for print
PDM-076,Product Management,Versioning,Revision Approval,Approval workflow for revisions,High,Medium,Not Started,PDM-070,6,,,Yes,,Require approval for major revisions
PDM-086,Product Management,Data Quality,Quality Reports,Generate data quality reports,High,Low,Not Started,PDM-082,4,,,Yes,,Report on quality scores and issues
PDM-096,Product Management,Localization,Machine Translation,Automated machine translation,Low,High,Not Started,PDM-090,7,,,No,,Integrate with translation services
PDM-106,Product Management,Search Discovery,Recent Searches,Display recent search history,Low,Low,Not Started,PDM-100,2,,,Yes,,Quick access to recent queries
PDM-116,Product Management,Templates,Category Templates,Templates specific to categories,High,Medium,Not Started,PDM-110,5,,,Yes,,Default templates per product category
PDM-129,Product Management,Integration,Social Media Sync,Sync products to social platforms,Low,Medium,Not Started,PDM-124,8,,,Yes,,Publish to Facebook Instagram Pinterest
PDM-136,Product Management,Reporting,Change History Report,Report on product changes,Medium,Low,Not Started,PDM-141,4,,,Yes,,Audit trail of modifications
PDM-017,Product Management,Hierarchies,Multi-Hierarchy Assignment,Assign products to multiple hierarchies,High,Medium,Not Started,PDM-010,5,,,Yes,,Product in sales and purchasing hierarchies
PDM-038,Product Management,Relationships,Relationship Effectivity,Set effective dates for relationships,Medium,Medium,Not Started,PDM-030,4,,,Yes,,Time-bound cross-refs and substitutes
PDM-047,Product Management,Kits Bundles,Kit Explode,Explode kits to components on order,Medium,Medium,Not Started,PDM-040,5,,,Yes,,Order kit but ship components
PDM-059,Product Management,Digital Assets,3D Model Viewer,Viewer for 3D product models,Low,High,Not Started,PDM-052,9,,,No,,Interactive 3D visualization
PDM-067,Product Management,Catalogs,Catalog Rollback,Rollback published catalogs,Medium,Medium,Not Started,PDM-061,5,,,Yes,,Revert to previous catalog version
PDM-077,Product Management,Versioning,Change Impact Analysis,Analyze impact of product changes,High,High,Not Started,PDM-071,8,,,No,,Assess downstream impact of changes
PDM-087,Product Management,Data Quality,Enrichment Progress,Track data enrichment progress,Medium,Low,Not Started,PDM-082,4,,,Yes,,Monitor attribute population over time
PDM-097,Product Management,Localization,UOM Conversion,Automatic UOM conversion by locale,Medium,Medium,Not Started,PDM-006,5,,,Yes,,Convert to regional measurement units
PDM-107,Product Management,Search Discovery,Product Suggestions,Suggest products based on context,Low,High,Not Started,PDM-100,7,,,No,,Personalized product recommendations
PDM-117,Product Management,Templates,Template Sharing,Share templates across organizations,Low,Medium,Not Started,PDM-110,4,,,Yes,,Multi-org template library
PDM-137,Product Management,Reporting,Obsolescence Report,Report on obsolescence risk,Medium,Medium,Not Started,PDM-022,5,,,Yes,,Identify slow-moving products at risk
PDM-018,Product Management,Hierarchies,Hierarchy Comparison,Compare product hierarchies,Low,Medium,Not Started,PDM-010,5,,,Yes,,Side-by-side hierarchy comparison
PDM-048,Product Management,Kits Bundles,Bundle Performance,Track bundle sales performance,Medium,Medium,Not Started,PDM-041,5,,,No,,Analyze bundle effectiveness
PDM-068,Product Management,Catalogs,Catalog Notifications,Notify on catalog updates,Low,Low,Not Started,PDM-061,3,,,Yes,,Alert stakeholders of publications
PDM-078,Product Management,Versioning,Superseded Products,Track superseded product chain,Medium,Medium,Not Started,PDM-070,4,,,Yes,,Historical supersession tracking
PDM-088,Product Management,Data Quality,Quality Trends,Analyze quality improvement trends,Medium,Medium,Not Started,PDM-082,5,,,No,,Track quality score changes over time
PDM-098,Product Management,Localization,Right-to-Left Support,Support RTL languages,Low,Medium,Not Started,PDM-090,6,,,Yes,,Arabic Hebrew proper rendering
PDM-108,Product Management,Search Discovery,Search Analytics,Analyze search behavior,Low,Medium,Not Started,PDM-100,5,,,No,,Track what users search for
PDM-118,Product Management,Templates,Conditional Templates,Templates with conditional logic,Low,High,Not Started,PDM-110,7,,,Yes,,Show/hide fields based on values
PDM-138,Product Management,Reporting,SOX Compliance,SOX compliance for product data,Critical,Medium,Not Started,GL-280,5,,,Yes,,Controls for product master data
PO-001,Purchasing,Item Master,Item Creation,Create and maintain item master records,Critical,Medium,Not Started,,5,,Not Started,Not Started,Yes,Foundation for procurement,Items can be created
PO-002,Purchasing,Item Master,Item Types,Support different item types (Materials Services Assets),High,Low,Not Started,PO-001,3,,Not Started,Not Started,Yes,Item categorization,Types supported
PO-003,Purchasing,Item Master,Item Categories,Hierarchical item categorization,High,Medium,Not Started,PO-001,5,,Not Started,Not Started,Yes,Item organization,Categories work
PO-004,Purchasing,Item Master,UOM Management,Unit of measure setup and conversion,Critical,Medium,Not Started,PO-001,5,,Not Started,Not Started,Yes,Quantity management,UOM functional
PO-005,Purchasing,Item Master,Item Status,Active Inactive Obsolete status management,High,Low,Not Started,PO-001,3,,Not Started,Not Started,Yes,Item lifecycle,Status changes work
PO-006,Purchasing,Item Master,Make Buy Indicator,Designate items as make or buy,Medium,Low,Not Started,PO-001,2,,Not Started,Not Started,Yes,Planning indicator,Indicator set
PO-007,Purchasing,Item Master,Purchasable Flag,Control which items can be purchased,High,Low,Not Started,PO-001,2,,Not Started,Not Started,Yes,Purchase control,Flag enforced
PO-010,Purchasing,Item Suppliers,Item Supplier Assignment,Assign approved suppliers to items,High,Medium,Not Started,PO-001 AP-001,5,,Not Started,Not Started,Yes,Supplier relationships,Assignment works
PO-011,Purchasing,Item Suppliers,Preferred Supplier,Designate preferred supplier per item,High,Low,Not Started,PO-010,3,,Not Started,Not Started,Yes,Default supplier,Preference works
PO-012,Purchasing,Item Suppliers,Supplier Part Number,Maintain supplier part numbers,Medium,Low,Not Started,PO-010,3,,Not Started,Not Started,Yes,Cross-reference,Part numbers stored
PO-013,Purchasing,Item Suppliers,Lead Time,Define supplier lead times per item,High,Low,Not Started,PO-010,3,,Not Started,Not Started,Yes,Planning data,Lead times maintained
PO-014,Purchasing,Item Suppliers,MOQ and Multiples,Minimum order quantity and order multiples,Medium,Low,Not Started,PO-010,3,,Not Started,Not Started,Yes,Order constraints,MOQ enforced
PO-015,Purchasing,Item Suppliers,Supplier Ranking,Rank suppliers by performance,Medium,Medium,Not Started,PO-010,4,,Not Started,Not Started,Yes,Supplier selection,Rankings work
PO-020,Purchasing,Item Pricing,Item Price Maintenance,Maintain item pricing by supplier,High,Medium,Not Started,PO-010,5,,Not Started,Not Started,Yes,Cost management,Pricing maintained
PO-021,Purchasing,Item Pricing,Price Breaks,Quantity-based price breaks,Medium,Medium,Not Started,PO-020,5,,Not Started,Not Started,Yes,Volume discounts,Price breaks work
PO-022,Purchasing,Item Pricing,Contract Pricing,Maintain contract-based pricing,Medium,Medium,Not Started,PO-020,5,,Not Started,Not Started,Yes,Agreement pricing,Contract prices work
PO-023,Purchasing,Item Pricing,Price History,Track price history over time,Medium,Low,Not Started,PO-020,4,,Not Started,Not Started,Yes,Price trending,History tracked
PO-030,Purchasing,Requisitions,Requisition Creation,Create purchase requisitions,Critical,High,Not Started,UR-001,8,,Not Started,Not Started,Yes,Core procurement,Requisitions created
PO-031,Purchasing,Requisitions,Requisition Header,Requisition number date requester need-by,Critical,Medium,Not Started,PO-030,5,,Not Started,Not Started,Yes,Requisition identification,Header captured
PO-032,Purchasing,Requisitions,Requisition Lines,Multiple line items per requisition,Critical,High,Not Started,PO-030,7,,Not Started,Not Started,Yes,Line detail,Lines can be entered
PO-033,Purchasing,Requisitions,Requisition Types,Purchase Transfer requisition types,Medium,Low,Not Started,PO-030,3,,Not Started,Not Started,Yes,Type categorization,Types supported
PO-034,Purchasing,Requisitions,Account Distribution,GL account coding for requisitions,Critical,High,Not Started,PO-032 GL-040,7,,Not Started,Not Started,Yes,GL integration,Distributions work
PO-035,Purchasing,Requisitions,Catalog Requisitioning,Requisition from supplier catalogs,High,High,Not Started,PO-030,8,,Not Started,Not Started,Yes,Ease of use,Catalog requisition works
PO-036,Purchasing,Requisitions,Copy Requisition,Copy from previous requisitions,Medium,Low,Not Started,PO-030,4,,Not Started,Not Started,Yes,Efficiency,Copy functional
PO-037,Purchasing,Requisitions,Requisition Import,Import requisitions from file,Medium,High,Not Started,PO-030,7,,Not Started,Not Started,Yes,Bulk processing,Import works
PO-040,Purchasing,Requisition Approval,Approval Workflow,Multi-level requisition approval,Critical,High,Not Started,PO-030 UR-170,9,,Not Started,Not Started,Yes,Procurement control,Workflow functional
PO-041,Purchasing,Requisition Approval,Amount-Based Routing,Route by requisition amount,High,Medium,Not Started,PO-040,6,,Not Started,Not Started,Yes,Approval efficiency,Routing works
PO-042,Purchasing,Requisition Approval,Department Approval,Department budget owner approval,High,Medium,Not Started,PO-040,6,,Not Started,Not Started,Yes,Budget control,Department approval works
PO-043,Purchasing,Requisition Approval,Manager Hierarchy,Manager hierarchy approval,High,Medium,Not Started,PO-040,6,,Not Started,Not Started,Yes,Org approval,Hierarchy works
PO-044,Purchasing,Requisition Approval,Category Approval,Approval routing by item category,Medium,Medium,Not Started,PO-040,5,,Not Started,Not Started,Yes,Category control,Category routing works
PO-045,Purchasing,Requisition Approval,Approval Delegation,Delegate approval authority,Medium,Medium,Not Started,PO-040 UR-120,5,,Not Started,Not Started,Yes,Workflow continuity,Delegation works
PO-050,Purchasing,Purchase Orders,PO Creation,Create purchase orders,Critical,High,Not Started,PO-030 AP-001,9,,Not Started,Not Started,Yes,Core procurement,POs created
PO-051,Purchasing,Purchase Orders,PO from Requisition,Convert requisition to PO,Critical,High,Not Started,PO-050,8,,Not Started,Not Started,Yes,Requisition fulfillment,Conversion works
PO-052,Purchasing,Purchase Orders,Manual PO Entry,Direct PO creation without requisition,High,High,Not Started,PO-050,8,,Not Started,Not Started,Yes,Direct procurement,Manual PO works
PO-053,Purchasing,Purchase Orders,PO Header,PO number type date supplier buyer,Critical,Medium,Not Started,PO-050,5,,Not Started,Not Started,Yes,PO identification,Header captured
PO-054,Purchasing,Purchase Orders,PO Lines,Multiple line items per PO,Critical,High,Not Started,PO-050,8,,Not Started,Not Started,Yes,Line detail,Lines can be entered
PO-055,Purchasing,Purchase Orders,PO Types,Standard Blanket Contract Planned PO types,High,Medium,Not Started,PO-050,5,,Not Started,Not Started,Yes,PO categorization,Types supported
PO-056,Purchasing,Purchase Orders,Multi-Currency PO,Foreign currency purchase orders,High,High,Not Started,PO-050 GL-091,7,,Not Started,Not Started,Yes,Global procurement,Multi-currency works
PO-057,Purchasing,Purchase Orders,Copy PO,Copy from existing POs,Medium,Low,Not Started,PO-050,4,,Not Started,Not Started,Yes,Efficiency,Copy functional
PO-060,Purchasing,PO Pricing,Price Negotiation,Update negotiated prices on PO,High,Medium,Not Started,PO-050,5,,Not Started,Not Started,Yes,Price management,Negotiation works
PO-061,Purchasing,PO Pricing,Tax Calculation,Automatic tax calculation on PO,High,High,Not Started,PO-050,7,,Not Started,Not Started,Yes,Tax compliance,Tax calc works
PO-062,Purchasing,PO Pricing,Freight Charges,Freight and handling charges,Medium,Low,Not Started,PO-050,4,,Not Started,Not Started,Yes,Total cost,Freight captured
PO-063,Purchasing,PO Pricing,Discount Terms,Early payment discount terms,Medium,Medium,Not Started,PO-050,4,,Not Started,Not Started,Yes,Cost savings,Discounts work
PO-064,Purchasing,PO Pricing,Price Tolerance,Price variance tolerance checking,High,Medium,Not Started,PO-060,5,,Not Started,Not Started,Yes,Price control,Tolerance enforced
PO-070,Purchasing,PO Terms,Terms and Conditions,PO terms and conditions,High,Low,Not Started,PO-050,4,,Not Started,Not Started,Yes,Legal terms,Terms attached
PO-071,Purchasing,PO Terms,Payment Terms,Payment terms on PO,High,Low,Not Started,PO-050,3,,Not Started,Not Started,Yes,Payment scheduling,Terms applied
PO-072,Purchasing,PO Terms,Delivery Terms,Incoterms and delivery terms,Medium,Low,Not Started,PO-050,3,,Not Started,Not Started,Yes,Shipping terms,Delivery terms set
PO-073,Purchasing,PO Terms,Shipping Method,Shipping method specification,Medium,Low,Not Started,PO-050,3,,Not Started,Not Started,Yes,Logistics,Method specified
PO-074,Purchasing,PO Terms,Ship-To and Bill-To,Specify shipping and billing locations,High,Low,Not Started,PO-050,4,,Not Started,Not Started,Yes,Location control,Locations set
PO-080,Purchasing,PO Modifications,PO Change Orders,Modify existing POs,High,High,Not Started,PO-050,8,,Not Started,Not Started,Yes,PO changes,Change orders work
PO-081,Purchasing,PO Modifications,Revision History,Track PO revision history,High,Medium,Not Started,PO-080,5,,Not Started,Not Started,Yes,Audit trail,History tracked
PO-082,Purchasing,PO Modifications,Change Approval,Approval for significant changes,High,High,Not Started,PO-080,7,,Not Started,Not Started,Yes,Change control,Approval works
PO-083,Purchasing,PO Modifications,Supplier Notification,Notify supplier of changes,Medium,Low,Not Started,PO-080,4,,Not Started,Not Started,Yes,Communication,Notification sent
PO-090,Purchasing,Blanket POs,Blanket PO Creation,Create blanket purchase orders,High,High,Not Started,PO-050,8,,Not Started,Not Started,Yes,Agreement management,Blanket POs created
PO-091,Purchasing,Blanket POs,Agreement Amount,Define total agreement amount or quantity,High,Low,Not Started,PO-090,3,,Not Started,Not Started,Yes,Commitment tracking,Amount tracked
PO-092,Purchasing,Blanket POs,Effective Dates,Start and end dates for blanket PO,High,Low,Not Started,PO-090,3,,Not Started,Not Started,Yes,Agreement period,Dates enforced
PO-093,Purchasing,Blanket POs,Release Mechanism,Create releases against blanket PO,Critical,High,Not Started,PO-090,8,,Not Started,Not Started,Yes,Blanket utilization,Releases work
PO-094,Purchasing,Blanket POs,Remaining Balance,Track remaining amount quantity,High,Medium,Not Started,PO-093,5,,Not Started,Not Started,Yes,Balance visibility,Balance tracked
PO-095,Purchasing,Blanket POs,Auto-Renewal,Automatic blanket PO renewal,Medium,Medium,Not Started,PO-090,6,,Not Started,Not Started,Yes,Agreement continuity,Renewal works
PO-100,Purchasing,Contract POs,Contract PO Creation,Create contract purchase orders,Medium,High,Not Started,PO-050,8,,Not Started,Not Started,Yes,Contract management,Contract POs created
PO-101,Purchasing,Contract POs,Contract Terms,Master agreement terms and conditions,Medium,Medium,Not Started,PO-100,5,,Not Started,Not Started,Yes,Agreement terms,Terms maintained
PO-102,Purchasing,Contract POs,Price Schedules,Contract price lists and schedules,Medium,Medium,Not Started,PO-100,6,,Not Started,Not Started,Yes,Pricing agreements,Schedules work
PO-103,Purchasing,Contract POs,Volume Commitments,Track volume commitments,Medium,Medium,Not Started,PO-100,5,,Not Started,Not Started,Yes,Commitment tracking,Volumes tracked
PO-104,Purchasing,Contract POs,Contract Compliance,Monitor contract compliance,Medium,High,Not Started,PO-100,7,,Not Started,Not Started,Yes,Compliance tracking,Monitoring works
PO-110,Purchasing,PO Approval,PO Approval Workflow,Multi-level PO approval,Critical,High,Not Started,PO-050 UR-170,9,,Not Started,Not Started,Yes,PO control,Workflow functional
PO-111,Purchasing,PO Approval,Amount Thresholds,Approval routing by PO amount,High,Medium,Not Started,PO-110,6,,Not Started,Not Started,Yes,Approval efficiency,Thresholds work
PO-112,Purchasing,PO Approval,Supplier Approval,New supplier approval requirement,High,Medium,Not Started,PO-110,5,,Not Started,Not Started,Yes,Supplier control,Approval works
PO-113,Purchasing,PO Approval,Price Variance Approval,Approve price variances from requisition,High,Medium,Not Started,PO-110,6,,Not Started,Not Started,Yes,Price control,Variance approval works
PO-114,Purchasing,PO Approval,Budget Approval,Budget funds checking approval,High,High,Not Started,PO-110 GL-390,7,,Not Started,Not Started,Yes,Budget control,Budget approval works
PO-115,Purchasing,PO Approval,Change Order Approval,Approval for PO changes,High,Medium,Not Started,PO-080,6,,Not Started,Not Started,Yes,Change control,Change approval works
PO-120,Purchasing,Receiving,Receipt Entry,Record receipt of goods and services,Critical,High,Not Started,PO-050,8,,Not Started,Not Started,Yes,Goods receipt,Receipts entered
PO-121,Purchasing,Receiving,Receipt Header,Receipt number date PO reference,Critical,Medium,Not Started,PO-120,5,,Not Started,Not Started,Yes,Receipt identification,Header captured
PO-122,Purchasing,Receiving,Receipt Lines,Receipt line items with quantities,Critical,High,Not Started,PO-120,7,,Not Started,Not Started,Yes,Receipt detail,Lines entered
PO-123,Purchasing,Receiving,Mobile Receipt,Mobile app for receiving,Medium,High,Not Started,PO-120,8,,Not Started,Not Started,Yes,Warehouse efficiency,Mobile receipt works
PO-124,Purchasing,Receiving,Barcode Scanning,Scan barcodes to receive,Medium,High,Not Started,PO-120,7,,Not Started,Not Started,Yes,Automation,Scanning works
PO-125,Purchasing,Receiving,ASN Integration,Advance Ship Notice integration,Medium,High,Not Started,PO-120,8,,Not Started,Not Started,Yes,Receiving automation,ASN works
PO-130,Purchasing,Receipt Tolerance,Over-Receipt Tolerance,Allow over-receipt within tolerance,High,Medium,Not Started,PO-120,5,,Not Started,Not Started,Yes,Receipt flexibility,Tolerance enforced
PO-131,Purchasing,Receipt Tolerance,Under-Receipt Tolerance,Allow under-receipt within tolerance,High,Medium,Not Started,PO-120,5,,Not Started,Not Started,Yes,Receipt flexibility,Tolerance enforced
PO-132,Purchasing,Receipt Tolerance,Tolerance by Category,Category-specific tolerances,Medium,Medium,Not Started,PO-130,5,,Not Started,Not Started,Yes,Flexible control,Category tolerance works
PO-133,Purchasing,Receipt Tolerance,Exception Handling,Handle tolerance exceptions,High,Medium,Not Started,PO-130,6,,Not Started,Not Started,Yes,Exception management,Handling works
PO-140,Purchasing,Receipt Inspection,Inspection Routing,Route receipts to inspection,Medium,Medium,Not Started,PO-120,6,,Not Started,Not Started,Yes,Quality control,Routing works
PO-141,Purchasing,Receipt Inspection,Quality Hold,Place receipts on quality hold,Medium,Low,Not Started,PO-140,4,,Not Started,Not Started,Yes,Quality control,Hold works
PO-142,Purchasing,Receipt Inspection,Inspection Results,Record inspection results,Medium,Medium,Not Started,PO-140,5,,Not Started,Not Started,Yes,Quality tracking,Results recorded
PO-143,Purchasing,Receipt Inspection,Accept Reject,Accept or reject inspected goods,Medium,Medium,Not Started,PO-142,5,,Not Started,Not Started,Yes,Quality decision,Decision works
PO-144,Purchasing,Receipt Inspection,Move to Stock,Move accepted goods to stock,Medium,Low,Not Started,PO-143,4,,Not Started,Not Started,Yes,Inventory update,Stock movement works
PO-150,Purchasing,Receipt Corrections,Receipt Reversal,Reverse incorrect receipts,High,High,Not Started,PO-120,7,,Not Started,Not Started,Yes,Error correction,Reversal works
PO-151,Purchasing,Receipt Corrections,Quantity Adjustment,Adjust receipt quantities,High,Medium,Not Started,PO-120,5,,Not Started,Not Started,Yes,Correction capability,Adjustment works
PO-152,Purchasing,Receipt Corrections,Correction Reasons,Reason codes for corrections,Medium,Low,Not Started,PO-150,3,,Not Started,Not Started,Yes,Audit trail,Reasons captured
PO-160,Purchasing,Returns to Vendor,RTV Creation,Create return to vendor transactions,High,High,Not Started,PO-120,8,,Not Started,Not Started,Yes,Return processing,RTVs created
PO-161,Purchasing,Returns to Vendor,Return Reasons,Categorize return reasons,Medium,Low,Not Started,PO-160,3,,Not Started,Not Started,Yes,Return tracking,Reasons captured
PO-162,Purchasing,Returns to Vendor,RMA Number,Track supplier return authorization,Medium,Low,Not Started,PO-160,3,,Not Started,Not Started,Yes,Supplier coordination,RMA tracked
PO-163,Purchasing,Returns to Vendor,Credit or Replacement,Specify credit or replacement expectation,High,Medium,Not Started,PO-160,5,,Not Started,Not Started,Yes,Return outcome,Expectation set
PO-164,Purchasing,Returns to Vendor,RTV Shipping,Generate shipping documentation,Medium,Medium,Not Started,PO-160,5,,Not Started,Not Started,Yes,Return logistics,Shipping docs generated
PO-165,Purchasing,Returns to Vendor,Credit Memo Matching,Match credit memo to RTV,High,High,Not Started,PO-160 AP-180,7,,Not Started,Not Started,Yes,Return closure,Matching works
PO-170,Purchasing,Supplier Catalogs,Catalog Setup,Setup supplier catalog configuration,Medium,High,Not Started,AP-001,7,,Not Started,Not Started,Yes,Catalog management,Catalogs setup
PO-171,Purchasing,Supplier Catalogs,Catalog Items,Maintain catalog item listings,Medium,Medium,Not Started,PO-170,6,,Not Started,Not Started,Yes,Item availability,Items maintained
PO-172,Purchasing,Supplier Catalogs,Punchout Integration,Integrate with supplier e-commerce,Medium,High,Not Started,PO-170,9,,Not Started,Not Started,Yes,Catalog integration,Punchout works
PO-173,Purchasing,Supplier Catalogs,Catalog Search,Search capability across catalogs,Medium,Medium,Not Started,PO-170,6,,Not Started,Not Started,Yes,Item discovery,Search works
PO-174,Purchasing,Supplier Catalogs,Catalog Updates,Automatic catalog updates,Medium,Medium,Not Started,PO-170,6,,Not Started,Not Started,Yes,Current pricing,Updates work
PO-180,Purchasing,Procurement Cards,P-Card Setup,Setup procurement card program,Medium,High,Not Started,,7,,Not Started,Not Started,Yes,P-Card management,Setup complete
PO-181,Purchasing,Procurement Cards,Card Assignment,Assign cards to employees,Medium,Low,Not Started,PO-180,4,,Not Started,Not Started,Yes,Cardholder management,Assignment works
PO-182,Purchasing,Procurement Cards,Card Limits,Transaction and period limits,Medium,Medium,Not Started,PO-180,5,,Not Started,Not Started,Yes,Spending control,Limits enforced
PO-183,Purchasing,Procurement Cards,Transaction Import,Import P-Card transactions,Medium,High,Not Started,PO-180,8,,Not Started,Not Started,Yes,Transaction capture,Import works
PO-184,Purchasing,Procurement Cards,Transaction Reconciliation,Reconcile P-Card transactions,Medium,High,Not Started,PO-183,7,,Not Started,Not Started,Yes,Expense management,Reconciliation works
PO-185,Purchasing,Procurement Cards,P-Card Approval,Approval workflow for P-Card expenses,Medium,High,Not Started,PO-184 UR-170,7,,Not Started,Not Started,Yes,Expense control,Approval works
PO-190,Purchasing,Sourcing RFQ,RFQ Creation,Create Request for Quotation,Medium,High,Not Started,PO-001,8,,Not Started,Not Started,Yes,Competitive sourcing,RFQs created
PO-191,Purchasing,Sourcing RFQ,RFQ Distribution,Distribute RFQ to suppliers,Medium,Medium,Not Started,PO-190,5,,Not Started,Not Started,Yes,Supplier communication,Distribution works
PO-192,Purchasing,Sourcing RFQ,Quote Receipt,Receive and record supplier quotes,Medium,High,Not Started,PO-190,7,,Not Started,Not Started,Yes,Quote management,Quotes received
PO-193,Purchasing,Sourcing RFQ,Quote Comparison,Compare supplier quotes,Medium,High,Not Started,PO-192,7,,Not Started,Not Started,Yes,Bid analysis,Comparison works
PO-194,Purchasing,Sourcing RFQ,Supplier Selection,Award selection and notification,Medium,Medium,Not Started,PO-193,6,,Not Started,Not Started,Yes,Award process,Selection works
PO-195,Purchasing,Sourcing RFQ,PO from RFQ,Create PO from awarded RFQ,Medium,Medium,Not Started,PO-194,6,,Not Started,Not Started,Yes,RFQ to PO,Creation works
PO-200,Purchasing,PO Matching,Two-Way Matching,Match invoice to PO,High,High,Not Started,PO-050 AP-080,8,,Not Started,Not Started,Yes,Invoice verification,2-way matching works
PO-201,Purchasing,PO Matching,Three-Way Matching,Match invoice PO and receipt,Critical,High,Not Started,PO-120 AP-081,9,,Not Started,Not Started,Yes,Complete verification,3-way matching works
PO-202,Purchasing,PO Matching,Four-Way Matching,Match invoice PO receipt inspection,Medium,High,Not Started,PO-140 AP-082,9,,Not Started,Not Started,Yes,Quality verification,4-way matching works
PO-203,Purchasing,PO Matching,Match Tolerances,Configure matching tolerances,High,Medium,Not Started,PO-200,5,,Not Started,Not Started,Yes,Flexible matching,Tolerances work
PO-204,Purchasing,PO Matching,Match Exceptions,Handle matching variances,High,High,Not Started,PO-200,7,,Not Started,Not Started,Yes,Exception processing,Handling works
PO-210,Purchasing,Period Close,PO Period Close,Month-end close for purchasing,Critical,High,Not Started,PO-050,8,,Not Started,Not Started,Yes,Financial close,Close process works
PO-211,Purchasing,Period Close,Receipt Cutoff,Enforce receipt cutoff dates,Critical,Medium,Not Started,PO-210,6,,Not Started,Not Started,Yes,Accurate accruals,Cutoff enforced
PO-212,Purchasing,Period Close,Uninvoiced Receipts,Accrue uninvoiced receipts,Critical,High,Not Started,PO-210,8,,Not Started,Not Started,Yes,Accrual accounting,Accrual works
PO-213,Purchasing,Period Close,PO Commitment Review,Review open PO commitments,High,Medium,Not Started,PO-210,6,,Not Started,Not Started,Yes,Commitment tracking,Review works
PO-214,Purchasing,Period Close,Variance Analysis,Analyze price and quantity variances,High,Medium,Not Started,PO-210,6,,Not Started,Not Started,Yes,Performance analysis,Analysis works
PO-220,Purchasing,Reporting,Open PO Report,Report open purchase orders,High,Low,Not Started,PO-050,4,,Not Started,Not Started,Yes,PO visibility,Report works
PO-221,Purchasing,Reporting,PO by Supplier,Purchase orders by supplier,High,Low,Not Started,PO-050,4,,Not Started,Not Started,Yes,Supplier analysis,Report works
PO-222,Purchasing,Reporting,Receipt Register,Detailed receipt listing,High,Low,Not Started,PO-120,4,,Not Started,Not Started,Yes,Receipt tracking,Report works
PO-223,Purchasing,Reporting,Unmatched Receipts,Receipts pending invoice,High,Medium,Not Started,PO-120,5,,Not Started,Not Started,Yes,Matching visibility,Report works
PO-224,Purchasing,Reporting,Open Requisitions,Pending requisitions report,High,Low,Not Started,PO-030,4,,Not Started,Not Started,Yes,Requisition tracking,Report works
PO-225,Purchasing,Reporting,PO Commitment,Open commitment report,High,Medium,Not Started,PO-050,5,,Not Started,Not Started,Yes,Budget tracking,Report works
PO-226,Purchasing,Reporting,Blanket PO Utilization,Blanket PO usage report,Medium,Medium,Not Started,PO-090,5,,Not Started,Not Started,Yes,Agreement tracking,Report works
PO-230,Purchasing,Analytics,Spend Analysis,Analyze spend by supplier category buyer,High,High,Not Started,PO-050,8,,Not Started,Not Started,Yes,Spend visibility,Analysis works
PO-231,Purchasing,Analytics,Supplier Performance,Track supplier performance metrics,Medium,High,Not Started,PO-050,8,,Not Started,Not Started,Yes,Supplier management,Tracking works
PO-232,Purchasing,Analytics,Price Variance Analysis,Analyze purchase price variances,Medium,High,Not Started,PO-050,7,,Not Started,Not Started,Yes,Cost analysis,Analysis works
PO-233,Purchasing,Analytics,Lead Time Analysis,Analyze supplier lead times,Medium,Medium,Not Started,PO-120,6,,Not Started,Not Started,Yes,Delivery performance,Analysis works
PO-234,Purchasing,Analytics,Maverick Spending,Identify non-catalog spending,Medium,High,Not Started,PO-050,7,,Not Started,Not Started,Yes,Compliance tracking,Detection works
PO-235,Purchasing,Analytics,Contract Compliance,Monitor contract compliance,Medium,High,Not Started,PO-100,7,,Not Started,Not Started,Yes,Agreement adherence,Monitoring works
PO-240,Purchasing,Integration,AP Integration,Integrate with Accounts Payable,Critical,High,Not Started,AP-300,9,,Not Started,Not Started,Yes,Procure to pay,AP integration works
PO-241,Purchasing,Integration,Inventory Integration,Integrate with Inventory Management,Critical,High,Not Started,PO-120,9,,Not Started,Not Started,Yes,Receipt to stock,Inventory integration works
PO-242,Purchasing,Integration,GL Integration,Post commitments and accruals to GL,Critical,High,Not Started,GL-200,9,,Not Started,Not Started,Yes,Financial integration,GL posting works
PO-243,Purchasing,Integration,Requisition Integration,Requisition to PO conversion,Critical,High,Not Started,PO-051,8,,Not Started,Not Started,Yes,Requisition fulfillment,Integration works
PO-250,Purchasing,Supplier Portal,Portal Access,Supplier self-service portal,Medium,High,Not Started,AP-290,8,,Not Started,Not Started,Yes,Supplier collaboration,Portal functional
PO-251,Purchasing,Supplier Portal,PO Visibility,Suppliers view PO status,Medium,Medium,Not Started,PO-250,6,,Not Started,Not Started,Yes,Supplier visibility,Visibility works
PO-252,Purchasing,Supplier Portal,ASN Submission,Suppliers submit advance ship notice,Medium,High,Not Started,PO-250,8,,Not Started,Not Started,Yes,Receipt automation,ASN works
PO-253,Purchasing,Supplier Portal,Invoice Submission,Suppliers submit invoices online,Medium,High,Not Started,PO-250,8,,Not Started,Not Started,Yes,Invoice automation,Submission works
PO-260,Purchasing,Security,PO Roles,Predefined PO roles (Manager Buyer Receiver),Critical,Medium,Not Started,UR-025,5,,Not Started,Not Started,Yes,Access control,Roles configured
PO-261,Purchasing,Security,Approval Limits,Requisition and PO approval limits,High,Medium,Not Started,UR-534,5,,Not Started,Not Started,Yes,Authorization control,Limits enforced
PO-262,Purchasing,Security,Data Security,Business unit and buyer data access,High,High,Not Started,UR-040,7,,Not Started,Not Started,Yes,Data isolation,Security enforced
PO-263,Purchasing,Security,Audit Trail,Complete PO activity audit trail,Critical,Medium,Not Started,UR-140,6,,Not Started,Not Started,Yes,Compliance,Audit trail complete
PO-270,Purchasing,Technical,Performance,Support high-volume PO processing,Critical,High,Not Started,,8,,Not Started,Not Started,Yes,Scalability,Performance requirements met
PO-271,Purchasing,Technical,API Integration,REST APIs for PO operations,High,High,Not Started,,9,,Not Started,Not Started,Yes,System integration,APIs functional
PO-280,Purchasing,Compliance,SOX Compliance,SOX controls for procurement,High,High,Not Started,UR-271,7,,Not Started,Not Started,Yes,Regulatory compliance,SOX compliant
PO-281,Purchasing,Compliance,Procurement Regulations,Procurement policy compliance,High,High,Not Started,,7,,Not Started,Not Started,Yes,Policy adherence,Compliance met
PO-282,Purchasing,Compliance,Contract Compliance,Monitor contract compliance,Medium,High,Not Started,PO-100,7,,Not Started,Not Started,Yes,Agreement adherence,Compliance tracked
REC-001,Recruitment,Requisitions,Job Requisitions,Create and manage job requisitions,Critical,High,Not Started,HCM-011,9,,,Yes,,Requisition from open positions
REC-002,Recruitment,Requisitions,Position Details,Define position requirements,Critical,Medium,Not Started,REC-001,6,,,Yes,,Job specs and qualifications
REC-003,Recruitment,Requisitions,Approval Workflow,Multi-level req approval,Critical,Medium,Not Started,UR-060,7,,,Yes,,Budget and hiring manager approval
REC-010,Recruitment,Job Posting,Posting Creation,Create job postings,Critical,High,Not Started,REC-001,8,,,Yes,,Customizable job posts
REC-011,Recruitment,Job Posting,Job Boards Integration,Post to multiple job boards,Critical,High,Not Started,REC-010,10,,,Yes,,Indeed LinkedIn Glassdoor integration
REC-012,Recruitment,Job Posting,Internal Postings,Internal job posting before external,High,Medium,Not Started,REC-010,6,,,Yes,,Employee internal applications
REC-020,Recruitment,Candidates,Applications,Online application forms,Critical,High,Not Started,REC-010,10,,,Yes,,Resume upload and custom questions
REC-021,Recruitment,Candidates,Resume Parsing,Automatic resume parsing,High,High,Not Started,REC-020,11,,,Yes,,Extract contact work history education
REC-022,Recruitment,Candidates,Screening,Candidate screening and knockout,Critical,High,Not Started,REC-020,9,,,Yes,,Automated screening scores
REC-030,Recruitment,Pipeline,Pipeline Stages,Define recruitment pipeline stages,Critical,Medium,Not Started,REC-020,7,,,Yes,,Applied Phone Screen Interview Offer Hired
REC-031,Recruitment,Pipeline,Candidate Status,Update candidate status,Critical,Medium,Not Started,REC-030,6,,,Yes,,Move through pipeline with history
REC-032,Recruitment,Pipeline,Communication,Candidate email communications,Critical,High,Not Started,REC-031,9,,,Yes,,Templates and automated responses
REC-040,Recruitment,Interviews,Interview Scheduling,Schedule candidate interviews,Critical,High,Not Started,REC-030,10,,,Yes,,Calendar integration and reminders
REC-041,Recruitment,Interviews,Interview Guides,Create interview templates,High,Medium,Not Started,REC-040,7,,,Yes,,Competency and behavioral questions
REC-042,Recruitment,Interviews,Interview Feedback,Collect interviewer feedback,Critical,Medium,Not Started,REC-040,8,,,Yes,,Scorecards and recommendations
REC-050,Recruitment,Assessment,Skills Assessment,Administer skills tests,High,High,Not Started,REC-022,9,,,Yes,,Technical and cognitive assessments
REC-051,Recruitment,Assessment,Background Checks,Initiate background screening,Critical,High,Not Started,REC-060,10,,,Yes,,Integration with screening providers
REC-052,Recruitment,Assessment,Reference Checks,Conduct reference checks,High,Medium,Not Started,REC-051,6,,,Yes,,Reference questionnaires and tracking
REC-060,Recruitment,Offers,Offer Creation,Generate offer letters,Critical,High,Not Started,REC-042,9,,,Yes,,Compensation details and e-signature
REC-061,Recruitment,Offers,Offer Tracking,Track offer status,Critical,Medium,Not Started,REC-060,6,,,Yes,,Accepted declined withdrawn tracking
REC-062,Recruitment,Offers,Onboarding Handoff,Transfer to HCM onboarding,Critical,High,Not Started,HCM-070,9,,,Yes,,Candidate to employee conversion
REC-070,Recruitment,Experience,Careers Site,Branded careers website,High,High,Not Started,REC-011,11,,,Yes,,Mobile-optimized job search and apply
REC-071,Recruitment,Experience,Candidate Portal,Candidate self-service portal,High,High,Not Started,REC-020,10,,,Yes,,Application status and profile updates
REC-072,Recruitment,Experience,Talent Community,Talent network management,Medium,Medium,Not Started,REC-071,7,,,No,,Passive candidate engagement
REC-080,Recruitment,Analytics,Standard Reports,Recruitment reports,Critical,Medium,Not Started,REC-061,7,,,Yes,,Time to fill cost per hire and pipeline
REC-081,Recruitment,Analytics,Dashboards,Recruitment dashboards,High,Medium,Not Started,REC-080,8,,,No,,Real-time pipeline and metrics
REC-090,Recruitment,Compliance,EEO Compliance,OFCCP and EEO compliance,Critical,High,Not Started,HCM-090,9,,,Yes,,Applicant flow logs and adverse impact
REC-091,Recruitment,Compliance,Data Privacy,GDPR and data privacy,Critical,High,Not Started,HCM-100-1,8,,,Yes,,Candidate consent and right to erasure
REC-100,Recruitment,Integration,HCM Integration,Integration with HCM module,Critical,High,Not Started,HCM-102,10,,,Yes,,Open positions and new hire sync
REC-101,Recruitment,Integration,Payroll Integration,New hire payroll setup,High,High,Not Started,PAY-090,8,,,Yes,,Transfer compensation and tax data
REC-102,Recruitment,Integration,Background Integration,Background check provider integration,High,High,Not Started,REC-051,9,,,Yes,,API integration for screening
REC-103,Recruitment,Integration,Assessment Integration,Assessment platform integration,Medium,High,Not Started,REC-050,9,,,Yes,,Skills test integration
REC-104,Recruitment,Integration,Job Board Integration,Job board API integration,High,High,Not Started,REC-011,10,,,Yes,,Automated posting and application import
REC-004,Recruitment,Requisitions,Requisition Templates,Job req templates,Medium,Low,Not Started,REC-001,4,,,Yes,,Reusable requisition templates
REC-013,Recruitment,Job Posting,Social Media Posting,Share to social media,Medium,Medium,Not Started,REC-011,6,,,Yes,,LinkedIn Twitter Facebook integration
REC-023,Recruitment,Candidates,Duplicate Detection,Detect duplicate candidates,High,Medium,Not Started,REC-021,6,,,Yes,,Match by email phone resume
REC-033,Recruitment,Pipeline,Bulk Actions,Bulk candidate actions,High,Medium,Not Started,REC-031,6,,,Yes,,Mass status updates and communications
REC-043,Recruitment,Interviews,Panel Interviews,Multi-interviewer scheduling,High,High,Not Started,REC-040,8,,,Yes,,Coordinate multiple interviewers
REC-053,Recruitment,Assessment,Drug Screening,Drug test integration,Medium,Medium,Not Started,REC-051,6,,,Yes,,Schedule and track drug tests
REC-063,Recruitment,Offers,Offer Approval,Approve offers before sending,Critical,Medium,Not Started,REC-060,6,,,Yes,,Multi-level offer approval
REC-073,Recruitment,Experience,Mobile Apply,Mobile application experience,High,High,Not Started,REC-020,9,,,Yes,,Mobile-optimized application forms
REC-082,Recruitment,Analytics,Source Tracking,Track candidate sources,High,Medium,Not Started,REC-020,6,,,Yes,,Job board referral source effectiveness
REC-092,Recruitment,Compliance,Applicant Data Retention,Manage data retention,High,Medium,Not Started,REC-091,6,,,Yes,,Automated purging per policy
REC-005,Recruitment,Requisitions,Headcount Budget,Track headcount and budget,High,Medium,Not Started,REC-001,6,,,Yes,,Budget vs actual hiring
REC-014,Recruitment,Job Posting,Posting Analytics,Job posting performance,Medium,Low,Not Started,REC-011,5,,,Yes,,Views clicks and applies by posting
REC-024,Recruitment,Candidates,Talent Pools,Segment candidates into pools,Medium,Medium,Not Started,REC-020,6,,,Yes,,Passive candidates and silver medalists
REC-034,Recruitment,Pipeline,Automated Nurture,Automated candidate nurture,Low,High,Not Started,REC-032,8,,,No,,Drip email campaigns
REC-044,Recruitment,Interviews,Video Interviews,Video interview platform,Medium,High,Not Started,REC-040,10,,,Yes,,Integration with Zoom Teams
REC-054,Recruitment,Assessment,Cultural Fit,Culture fit assessments,Low,Medium,Not Started,REC-050,6,,,No,,Values alignment testing
REC-064,Recruitment,Offers,Offer Negotiation,Track offer negotiations,Medium,Low,Not Started,REC-061,4,,,Yes,,Counter-offer and revision history
REC-074,Recruitment,Experience,Job Alerts,Job alert subscriptions,Medium,Medium,Not Started,REC-070,6,,,Yes,,Email alerts for matching jobs
REC-083,Recruitment,Analytics,Quality of Hire,Track quality of hire metrics,Medium,High,Not Started,HCM-030,9,,,No,,Performance ratings of new hires
REC-093,Recruitment,Compliance,Affirmative Action,Affirmative action planning,Medium,High,Not Started,REC-090,8,,,Yes,,OFCCP AAP support
REC-006,Recruitment,Requisitions,Clone Requisitions,Clone from previous reqs,Low,Low,Not Started,REC-001,3,,,Yes,,Duplicate with edits
REC-015,Recruitment,Job Posting,Posting Expiration,Auto-expire job postings,Medium,Low,Not Started,REC-010,4,,,Yes,,Auto-close after date or filled
REC-025,Recruitment,Candidates,Resume Database Search,Search resume database,High,High,Not Started,REC-021,9,,,Yes,,Boolean search and filters
REC-035,Recruitment,Pipeline,Pipeline Reports,Pipeline funnel reports,High,Medium,Not Started,REC-030,6,,,Yes,,Conversion rates by stage
REC-045,Recruitment,Interviews,Interview Kits,Prepare interview kits,Low,Low,Not Started,REC-041,4,,,Yes,,Candidate packet for interviewers
REC-055,Recruitment,Assessment,Assessment Vendors,Multi-vendor support,Low,High,Not Started,REC-103,8,,,Yes,,HireVue Criteria etc
REC-065,Recruitment,Offers,Pre-Boarding,Pre-boarding communications,Medium,Medium,Not Started,REC-062,6,,,Yes,,Engage between accept and start
REC-075,Recruitment,Experience,Candidate NPS,Candidate experience surveys,Low,Medium,Not Started,REC-071,5,,,No,,Post-process feedback and NPS
REC-084,Recruitment,Analytics,Diversity Analytics,Diversity hiring metrics,High,Medium,Not Started,REC-090,7,,,No,,Pipeline diversity analysis
REC-094,Recruitment,Compliance,Adverse Impact Analysis,Monitor adverse impact,High,High,Not Started,REC-090,9,,,No,,Four-fifths rule analysis
REC-007,Recruitment,Requisitions,Evergreen Reqs,Continuous recruiting reqs,Low,Medium,Not Started,REC-001,5,,,Yes,,Always-on requisitions
REC-016,Recruitment,Job Posting,SEO Optimization,Optimize job posts for search,Low,Medium,Not Started,REC-010,5,,,No,,Keywords and structured data
REC-026,Recruitment,Candidates,Candidate Tags,Tag and categorize candidates,Medium,Low,Not Started,REC-020,4,,,Yes,,Custom tagging for segmentation
REC-036,Recruitment,Pipeline,Disqualification Reasons,Track rejection reasons,High,Low,Not Started,REC-031,4,,,Yes,,Standardized disposition codes
REC-046,Recruitment,Interviews,Interview Availability,Candidate availability matching,Medium,Medium,Not Started,REC-040,6,,,Yes,,Self-scheduling options
REC-056,Recruitment,Assessment,Work Samples,Work sample assessments,Low,Medium,Not Started,REC-050,6,,,Yes,,Job-specific work tasks
REC-066,Recruitment,Offers,Offer Templates,Offer letter templates,High,Low,Not Started,REC-060,4,,,Yes,,Customizable offer templates
REC-076,Recruitment,Experience,Referral Program,Employee referral tracking,High,Medium,Not Started,REC-012,7,,,Yes,,Referral bonuses and tracking
REC-085,Recruitment,Analytics,Recruiter Metrics,Recruiter performance metrics,Medium,Low,Not Started,REC-080,5,,,Yes,,Requisitions per recruiter time to fill
REC-095,Recruitment,Compliance,Veteran Preference,Track veteran preference,Medium,Low,Not Started,REC-090,4,,,Yes,,VEVRAA compliance
REC-008,Recruitment,Requisitions,Requisition History,Historical requisition data,Medium,Low,Not Started,REC-001,4,,,Yes,,Archive and reporting
REC-017,Recruitment,Job Posting,Multi-Language Posts,Post in multiple languages,Low,High,Not Started,REC-010,8,,,Yes,,Localized job postings
REC-027,Recruitment,Candidates,Candidate Notes,Recruiter notes and comments,High,Low,Not Started,REC-020,3,,,Yes,,Private and shared notes
REC-037,Recruitment,Pipeline,Silver Medal Program,Track near-hire candidates,Medium,Medium,Not Started,REC-024,6,,,Yes,,Future opportunity pipeline
REC-047,Recruitment,Interviews,Interview Scorecards,Standardized scorecards,High,Medium,Not Started,REC-042,6,,,Yes,,Weighted criteria and scoring
REC-057,Recruitment,Assessment,Simulation Exercises,Job simulation assessments,Low,High,Not Started,REC-056,8,,,No,,Realistic job previews
REC-067,Recruitment,Offers,Offer Decline Analysis,Analyze offer declines,Medium,Medium,Not Started,REC-061,5,,,No,,Reasons and trends
REC-077,Recruitment,Experience,Campus Recruiting,Campus recruitment features,Medium,High,Not Started,REC-070,9,,,Yes,,University events and interns
REC-086,Recruitment,Analytics,Hiring Velocity,Track hiring velocity,Medium,Low,Not Started,REC-080,5,,,Yes,,Time from req to start
REC-096,Recruitment,Compliance,Ban the Box,Support ban the box laws,Low,Medium,Not Started,REC-020,5,,,Yes,,Delay criminal history questions
UR-001,User & Role Management,User Management,User Account Creation,Create new user accounts with unique username and profile,Critical,Medium,Not Started,,5,,Not Started,Not Started,Yes,Foundation for all user operations,Users can be created with required fields
UR-002,User & Role Management,User Management,User Profile Management,Maintain user profile information and contact details,High,Low,Not Started,UR-001,3,,Not Started,Not Started,Yes,User self-service capability,Profile can be viewed and updated
UR-003,User & Role Management,User Management,User Status Management,Manage user status (Active Inactive Suspended Locked),Critical,Medium,Not Started,UR-001,4,,Not Started,Not Started,Yes,Account lifecycle management,Status changes enforced and audited
UR-004,User & Role Management,User Management,User Effective Dates,Set effective start and end dates for user accounts,High,Low,Not Started,UR-001,2,,Not Started,Not Started,Yes,Automatic activation/deactivation,Date-based access control works
UR-005,User & Role Management,User Management,User Types,Support different user types (Employee Contractor External System),Medium,Low,Not Started,UR-001,3,,Not Started,Not Started,Yes,User categorization,User types can be assigned
UR-006,User & Role Management,User Management,Employee Linkage,Link user accounts to employee records,Medium,Medium,Not Started,UR-001,4,,Not Started,Not Started,Yes,HR system integration,Employee link functional
UR-007,User & Role Management,User Management,User Search,Search and filter users by various criteria,High,Medium,Not Started,UR-001,4,,Not Started,Not Started,Yes,User management efficiency,Search functionality works
UR-008,User & Role Management,User Management,Bulk User Operations,Bulk create update and deactivate users,Medium,High,Not Started,UR-001,6,,Not Started,Not Started,Yes,Mass user management,Bulk operations successful
UR-010,User & Role Management,User Groups,User Group Creation,Create and maintain user groups,High,Medium,Not Started,UR-001,4,,Not Started,Not Started,Yes,Organize users logically,Groups can be created
UR-011,User & Role Management,User Groups,Group Membership,Add and remove users from groups,High,Low,Not Started,UR-010,3,,Not Started,Not Started,Yes,Group assignment,Membership management works
UR-012,User & Role Management,User Groups,Nested Groups,Support groups within groups (hierarchical),Medium,Medium,Not Started,UR-010,5,,Not Started,Not Started,Yes,Complex org structures,Nested groups functional
UR-013,User & Role Management,User Groups,Dynamic Groups,Rule-based automatic group membership,Medium,High,Not Started,UR-010,7,,Not Started,Not Started,Yes,Automated group management,Dynamic membership works
UR-014,User & Role Management,User Groups,Group-Based Role Assignment,Assign roles to groups instead of individual users,High,Medium,Not Started,UR-010,5,,Not Started,Not Started,Yes,Efficient role management,Group role assignment works
UR-020,User & Role Management,Role Management,Role Definition,Create and maintain role definitions,Critical,Medium,Not Started,,5,,Not Started,Not Started,Yes,Foundation of RBAC,Roles can be defined
UR-021,User & Role Management,Role Management,Role Categories,Support role categories (Job Duty Data Function),High,Low,Not Started,UR-020,3,,Not Started,Not Started,Yes,Role organization,Categories enforced
UR-022,User & Role Management,Role Management,Role Hierarchy,Create parent-child role relationships with inheritance,High,High,Not Started,UR-020,8,,Not Started,Not Started,Yes,Role composition,Hierarchy functional
UR-023,User & Role Management,Role Management,Role Inheritance,Child roles inherit parent role permissions,High,High,Not Started,UR-022,7,,Not Started,Not Started,Yes,Permission inheritance,Inheritance works correctly
UR-024,User & Role Management,Role Management,Role Versioning,Maintain versions of role definitions,Medium,Medium,Not Started,UR-020,5,,Not Started,Not Started,Yes,Change management,Versioning functional
UR-025,User & Role Management,Role Management,Predefined Roles,System-delivered standard roles for common functions,Critical,Medium,Not Started,UR-020,6,,Not Started,Not Started,Yes,Out-of-box roles,Standard roles available
UR-026,User & Role Management,Role Management,Custom Role Creation,Create organization-specific custom roles,High,Medium,Not Started,UR-020,5,,Not Started,Not Started,Yes,Flexibility for customization,Custom roles creatable
UR-027,User & Role Management,Role Management,Role Builder,User interface for building roles with permissions,Medium,High,Not Started,UR-026,8,,Not Started,Not Started,Yes,User-friendly role creation,Role builder functional
UR-028,User & Role Management,Role Management,Copy Role,Create new roles by copying existing ones,Medium,Low,Not Started,UR-020,3,,Not Started,Not Started,Yes,Efficient role creation,Copy functionality works
UR-030,User & Role Management,Role Assignment,Direct Role Assignment,Assign roles directly to users,Critical,Medium,Not Started,UR-020 UR-001,5,,Not Started,Not Started,Yes,Core RBAC functionality,Role assignment works
UR-031,User & Role Management,Role Assignment,Role Assignment Dates,Effective date ranges for role assignments,High,Medium,Not Started,UR-030,4,,Not Started,Not Started,Yes,Temporary role grants,Date-based assignment works
UR-032,User & Role Management,Role Assignment,Role Assignment Approval,Workflow for approving role assignments,High,High,Not Started,UR-030,7,,Not Started,Not Started,Yes,Controlled role grants,Approval workflow functional
UR-033,User & Role Management,Role Assignment,Bulk Role Assignment,Assign roles to multiple users at once,Medium,Medium,Not Started,UR-030,5,,Not Started,Not Started,Yes,Efficient provisioning,Bulk assignment works
UR-034,User & Role Management,Role Assignment,Role Revocation,Remove role assignments from users,High,Low,Not Started,UR-030,3,,Not Started,Not Started,Yes,De-provisioning,Revocation functional
UR-035,User & Role Management,Role Assignment,Assignment Justification,Capture reason for role assignments,Medium,Low,Not Started,UR-030,3,,Not Started,Not Started,Yes,Audit and compliance,Justification captured
UR-036,User & Role Management,Role Assignment,Temporary Role Assignment,Grant roles for limited time period,Medium,Medium,Not Started,UR-031,5,,Not Started,Not Started,Yes,Project-based access,Temporary assignment works
UR-037,User & Role Management,Role Assignment,Auto Role Assignment,Rule-based automatic role assignment,Medium,High,Not Started,UR-030,7,,Not Started,Not Started,Yes,Automated provisioning,Auto-assignment works
UR-040,User & Role Management,Data Security,Business Unit Security,Control user access to business units,Critical,High,Not Started,GL-004,8,,Not Started,Not Started,Yes,Core data security,BU access control works
UR-041,User & Role Management,Data Security,Multiple BU Access,Allow users access to multiple business units,Critical,Medium,Not Started,UR-040,6,,Not Started,Not Started,Yes,Multi-BU users,Multiple BU access works
UR-042,User & Role Management,Data Security,BU Access Levels,Support Full Read-only Modify No Access levels,Critical,Medium,Not Started,UR-040,5,,Not Started,Not Started,Yes,Granular access control,Access levels enforced
UR-043,User & Role Management,Data Security,Primary BU Assignment,Designate primary/default business unit,High,Low,Not Started,UR-041,3,,Not Started,Not Started,Yes,Default BU context,Primary BU set
UR-044,User & Role Management,Data Security,BU Context Switching,Switch between authorized business units,Critical,High,Not Started,UR-041,7,,Not Started,Not Started,Yes,User experience,Context switching works
UR-045,User & Role Management,Data Security,BU-Based Data Filter,Filter data based on BU access,Critical,High,Not Started,UR-040,8,,Not Started,Not Started,Yes,Data isolation,Filtering enforced
UR-046,User & Role Management,Data Security,Hierarchical BU Access,Access to parent BU includes children,Medium,High,Not Started,UR-040,7,,Not Started,Not Started,Yes,Simplified access management,Hierarchy access works
UR-050,User & Role Management,Data Security,Legal Entity Security,Control access to legal entities,High,Medium,Not Started,GL-002,6,,Not Started,Not Started,Yes,Entity-level security,LE access control works
UR-051,User & Role Management,Data Security,Multiple LE Access,Support multiple legal entity access per user,High,Medium,Not Started,UR-050,5,,Not Started,Not Started,Yes,Multi-entity users,Multiple LE access works
UR-052,User & Role Management,Data Security,Ledger Security,Control access to ledgers,High,Medium,Not Started,GL-040,6,,Not Started,Not Started,Yes,Ledger-level security,Ledger access control works
UR-053,User & Role Management,Data Security,Segment Value Security,Security on chart of account segment values,High,High,Not Started,GL-023,8,,Not Started,Not Started,Yes,Account-level security,Segment security enforced
UR-054,User & Role Management,Data Security,Data Access Sets,Reusable sets of data access rules,Medium,High,Not Started,UR-040,7,,Not Started,Not Started,Yes,Efficient access management,Access sets functional
UR-060,User & Role Management,Function Security,Function Privileges,Control access to specific functions (CRUD Post Approve),Critical,High,Not Started,,8,,Not Started,Not Started,Yes,Granular function control,Function privileges enforced
UR-061,User & Role Management,Function Security,CRUD Permissions,Separate Create Read Update Delete permissions,Critical,Medium,Not Started,UR-060,5,,Not Started,Not Started,Yes,Fine-grained control,CRUD permissions work
UR-062,User & Role Management,Function Security,Special Privileges,Post Approve Reverse Close privileges,High,Medium,Not Started,UR-060,5,,Not Started,Not Started,Yes,Operation-specific control,Special privileges work
UR-063,User & Role Management,Function Security,Module Function Security,Function security by module (GL AP AR),High,Medium,Not Started,UR-060,6,,Not Started,Not Started,Yes,Module-level control,Module security works
UR-064,User & Role Management,Function Security,Negative Permissions,Explicit deny permissions override grants,Medium,High,Not Started,UR-060,6,,Not Started,Not Started,Yes,Override capability,Deny permissions work
UR-065,User & Role Management,Function Security,Permission Inheritance,Inherit function permissions from parent roles,High,High,Not Started,UR-023 UR-060,7,,Not Started,Not Started,Yes,Role hierarchy support,Inheritance functional
UR-070,User & Role Management,Menu & Navigation,Role-Based Menus,Display menus based on user roles,Critical,High,Not Started,UR-030,8,,Not Started,Not Started,Yes,Dynamic navigation,Role-based menus work
UR-071,User & Role Management,Menu & Navigation,Menu Item Visibility,Control visibility of individual menu items,High,Medium,Not Started,UR-070,5,,Not Started,Not Started,Yes,Granular menu control,Visibility control works
UR-072,User & Role Management,Menu & Navigation,Menu Hierarchy Security,Security on multi-level menu structures,Medium,Medium,Not Started,UR-070,5,,Not Started,Not Started,Yes,Hierarchical menus,Hierarchy security works
UR-073,User & Role Management,Menu & Navigation,BU-Based Navigation,Navigation filtered by current BU context,Critical,High,Not Started,UR-044 UR-070,8,,Not Started,Not Started,Yes,Context-aware menus,BU navigation works
UR-074,User & Role Management,Menu & Navigation,Menu Personalization,Users customize their menu favorites and shortcuts,Medium,Medium,Not Started,UR-070,5,,Not Started,Not Started,Yes,User experience,Personalization works
UR-075,User & Role Management,Menu & Navigation,Recent Items,Display recently accessed menus and functions,Medium,Low,Not Started,UR-070,4,,Not Started,Not Started,Yes,User convenience,Recent items tracked
UR-076,User & Role Management,Menu & Navigation,Menu Search,Search for menu items and functions,Medium,Medium,Not Started,UR-070,5,,Not Started,Not Started,Yes,Quick access,Search functionality works
UR-080,User & Role Management,Permission Sets,Permission Set Definition,Create groupings of related permissions,High,Medium,Not Started,,5,,Not Started,Not Started,Yes,Organize permissions,Permission sets creatable
UR-081,User & Role Management,Permission Sets,Permission Set Assignment,Assign permission sets to roles or users,High,Medium,Not Started,UR-080,5,,Not Started,Not Started,Yes,Apply permissions,Assignment works
UR-082,User & Role Management,Permission Sets,Standard Permission Sets,Pre-delivered permission sets (View Full Approve),High,Low,Not Started,UR-080,4,,Not Started,Not Started,Yes,Out-of-box permissions,Standard sets available
UR-083,User & Role Management,Permission Sets,Permission Set Stacking,Multiple permission sets cumulative,Medium,High,Not Started,UR-081,6,,Not Started,Not Started,Yes,Flexible permissions,Stacking works correctly
UR-084,User & Role Management,Permission Sets,Object-Level Permissions,Permissions on specific objects/tables,Medium,High,Not Started,UR-080,7,,Not Started,Not Started,Yes,Fine-grained security,Object permissions work
UR-085,User & Role Management,Permission Sets,Field-Level Permissions,Permissions on specific fields/columns,Medium,High,Not Started,UR-084,7,,Not Started,Not Started,Yes,Column-level security,Field permissions work
UR-090,User & Role Management,Authentication,Username Password Login,Standard credential-based authentication,Critical,Low,Not Started,,4,,Not Started,Not Started,Yes,Basic authentication,Login functional
UR-091,User & Role Management,Authentication,LDAP Integration,Active Directory / LDAP authentication,High,High,Not Started,,8,,Not Started,Not Started,Yes,Enterprise authentication,LDAP auth works
UR-092,User & Role Management,Authentication,Single Sign-On (SSO),SSO integration (SAML OAuth),High,High,Not Started,,9,,Not Started,Not Started,Yes,Seamless authentication,SSO functional
UR-093,User & Role Management,Authentication,Multi-Factor Authentication,MFA support (SMS Email Authenticator),High,High,Not Started,UR-090,8,,Not Started,Not Started,Yes,Enhanced security,MFA works
UR-094,User & Role Management,Authentication,Failed Login Tracking,Track and log failed login attempts,High,Medium,Not Started,UR-090,5,,Not Started,Not Started,Yes,Security monitoring,Failed logins tracked
UR-095,User & Role Management,Authentication,Account Lockout,Lock account after N failed attempts,High,Medium,Not Started,UR-094,4,,Not Started,Not Started,Yes,Brute force prevention,Lockout enforced
UR-100,User & Role Management,Password Management,Password Policies,Enforce password complexity and strength rules,Critical,Medium,Not Started,UR-090,6,,Not Started,Not Started,Yes,Password security,Policies enforced
UR-101,User & Role Management,Password Management,Password Expiration,Force password change after N days,High,Medium,Not Started,UR-100,4,,Not Started,Not Started,Yes,Password rotation,Expiration works
UR-102,User & Role Management,Password Management,Password History,Prevent reuse of last N passwords,High,Medium,Not Started,UR-100,5,,Not Started,Not Started,Yes,Prevent password reuse,History enforced
UR-103,User & Role Management,Password Management,Password Reset,Administrator password reset capability,Critical,Low,Not Started,UR-090,3,,Not Started,Not Started,Yes,Account recovery,Reset functional
UR-104,User & Role Management,Password Management,Self-Service Password Reset,User self-service password reset,High,High,Not Started,UR-090,7,,Not Started,Not Started,Yes,User convenience,Self-service works
UR-105,User & Role Management,Password Management,Security Questions,Security questions for password recovery,Medium,Medium,Not Started,UR-104,5,,Not Started,Not Started,Yes,Account verification,Questions functional
UR-106,User & Role Management,Password Management,Password Strength Meter,Display password strength during entry,Medium,Low,Not Started,UR-100,3,,Not Started,Not Started,Yes,User guidance,Strength meter works
UR-110,User & Role Management,MFA,MFA Enrollment,User enrollment in multi-factor authentication,High,Medium,Not Started,UR-093,6,,Not Started,Not Started,Yes,MFA setup,Enrollment works
UR-111,User & Role Management,MFA,MFA Methods,Support SMS Email Authenticator App methods,High,High,Not Started,UR-093,8,,Not Started,Not Started,Yes,Multiple MFA options,Methods functional
UR-112,User & Role Management,MFA,Trusted Devices,Remember trusted devices to skip MFA,Medium,Medium,Not Started,UR-093,5,,Not Started,Not Started,Yes,User convenience,Device trust works
UR-113,User & Role Management,MFA,Backup Codes,Generate backup codes for MFA,Medium,Low,Not Started,UR-093,4,,Not Started,Not Started,Yes,MFA recovery,Backup codes work
UR-114,User & Role Management,MFA,MFA for Sensitive Operations,Require MFA for high-risk operations,Medium,High,Not Started,UR-093,6,,Not Started,Not Started,Yes,Transaction security,Operation MFA works
UR-120,User & Role Management,Delegation,Function Delegation,Delegate specific functions to other users,High,High,Not Started,UR-030,8,,Not Started,Not Started,Yes,Temporary responsibility transfer,Delegation functional
UR-121,User & Role Management,Delegation,Role Delegation,Temporarily delegate roles to others,High,High,Not Started,UR-030,7,,Not Started,Not Started,Yes,Coverage capability,Role delegation works
UR-122,User & Role Management,Delegation,Approval Delegation,Delegate approval authority,High,High,Not Started,UR-121,7,,Not Started,Not Started,Yes,Workflow continuity,Approval delegation works
UR-123,User & Role Management,Delegation,Delegation Dates,Time-bound delegation with start and end dates,High,Medium,Not Started,UR-120,5,,Not Started,Not Started,Yes,Temporary delegation,Date limits enforced
UR-124,User & Role Management,Delegation,Delegation Notifications,Notify delegate and delegator,Medium,Medium,Not Started,UR-120,4,,Not Started,Not Started,Yes,Communication,Notifications sent
UR-125,User & Role Management,Delegation,Revoke Delegation,End delegation before expiration,High,Low,Not Started,UR-120,3,,Not Started,Not Started,Yes,Delegation control,Revocation works
UR-130,User & Role Management,Proxy Access,Proxy User Setup,Configure proxy user relationships,High,High,Not Started,UR-001,7,,Not Started,Not Started,Yes,Act on behalf capability,Proxy setup works
UR-131,User & Role Management,Proxy Access,Full Proxy Access,Complete access to another user's permissions,Medium,High,Not Started,UR-130,7,,Not Started,Not Started,Yes,Full delegation,Full proxy works
UR-132,User & Role Management,Proxy Access,Partial Proxy Access,Limited function proxy access,Medium,High,Not Started,UR-130,8,,Not Started,Not Started,Yes,Controlled proxy,Partial proxy works
UR-133,User & Role Management,Proxy Access,Proxy Session Indicator,Display acting as indicator in UI,High,Low,Not Started,UR-130,3,,Not Started,Not Started,Yes,User awareness,Indicator displayed
UR-134,User & Role Management,Proxy Access,Proxy Audit Trail,Complete audit of proxy actions,High,Medium,Not Started,UR-130,5,,Not Started,Not Started,Yes,Accountability,Proxy actions audited
UR-140,User & Role Management,Audit & Compliance,User Activity Audit,Comprehensive audit trail of user activities,Critical,High,Not Started,,8,,Not Started,Not Started,Yes,Compliance requirement,Activity audited
UR-141,User & Role Management,Audit & Compliance,Login Audit,Track all login/logout events,Critical,Medium,Not Started,UR-090,5,,Not Started,Not Started,Yes,Security monitoring,Logins tracked
UR-142,User & Role Management,Audit & Compliance,Role Change Audit,Audit all role assignment changes,High,Medium,Not Started,UR-030,5,,Not Started,Not Started,Yes,Access change tracking,Role changes audited
UR-143,User & Role Management,Audit & Compliance,Permission Change Audit,Track permission modifications,High,Medium,Not Started,UR-060,5,,Not Started,Not Started,Yes,Security monitoring,Permission changes tracked
UR-144,User & Role Management,Audit & Compliance,Data Access Audit,Log access to sensitive data,High,High,Not Started,UR-040,7,,Not Started,Not Started,Yes,Data protection,Sensitive access logged
UR-145,User & Role Management,Audit & Compliance,Configuration Change Audit,Track setup and config changes,High,Medium,Not Started,,5,,Not Started,Not Started,Yes,Change control,Config changes audited
UR-150,User & Role Management,Security Reports,User Access Report,Report current user access by role and BU,High,Medium,Not Started,UR-030 UR-040,6,,Not Started,Not Started,Yes,Access visibility,Report functional
UR-151,User & Role Management,Security Reports,Role Assignment Report,List users by assigned roles,High,Low,Not Started,UR-030,4,,Not Started,Not Started,Yes,Role membership,Report works
UR-152,User & Role Management,Security Reports,Inactive User Report,Users not logged in for N days,High,Low,Not Started,UR-141,4,,Not Started,Not Started,Yes,Account cleanup,Report generated
UR-153,User & Role Management,Security Reports,Failed Login Report,Report failed authentication attempts,High,Medium,Not Started,UR-094,5,,Not Started,Not Started,Yes,Security monitoring,Report available
UR-154,User & Role Management,Security Reports,Password Expiration Report,Upcoming password expirations,Medium,Low,Not Started,UR-101,3,,Not Started,Not Started,Yes,Proactive notification,Report works
UR-155,User & Role Management,Security Reports,Privileged User Report,Users with sensitive/admin access,High,Medium,Not Started,UR-030,5,,Not Started,Not Started,Yes,Risk management,Report functional
UR-156,User & Role Management,Security Reports,Audit Trail Report,Comprehensive activity report,High,High,Not Started,UR-140,7,,Not Started,Not Started,Yes,Compliance reporting,Audit report works
UR-160,User & Role Management,SOD Compliance,SOD Rule Definition,Define incompatible function pairs,High,High,Not Started,UR-060,8,,Not Started,Not Started,Yes,Segregation of duties,Rules defined
UR-161,User & Role Management,SOD Compliance,SOD Conflict Detection,Detect SOD violations in role assignments,High,High,Not Started,UR-160,8,,Not Started,Not Started,Yes,Preventive control,Detection works
UR-162,User & Role Management,SOD Compliance,Preventive SOD Control,Block conflicting role assignments,Medium,High,Not Started,UR-161,7,,Not Started,Not Started,Yes,Prevent violations,Prevention enforced
UR-163,User & Role Management,SOD Compliance,Detective SOD Control,Report existing SOD violations,High,Medium,Not Started,UR-161,6,,Not Started,Not Started,Yes,Identify violations,Reporting works
UR-164,User & Role Management,SOD Compliance,SOD Mitigation,Document mitigating controls for violations,Medium,Medium,Not Started,UR-163,5,,Not Started,Not Started,Yes,Risk management,Mitigation tracked
UR-165,User & Role Management,SOD Compliance,SOD Violation Workflow,Approval workflow for SOD conflicts,Medium,High,Not Started,UR-161,7,,Not Started,Not Started,Yes,Controlled exceptions,Workflow functional
UR-170,User & Role Management,Access Certification,Periodic Access Review,Schedule regular access reviews,High,High,Not Started,UR-030,8,,Not Started,Not Started,Yes,Compliance requirement,Reviews scheduled
UR-171,User & Role Management,Access Certification,Manager Certification,Managers certify team member access,High,Medium,Not Started,UR-170,6,,Not Started,Not Started,Yes,Manager accountability,Certification works
UR-172,User & Role Management,Access Certification,Role Certification,Role owners certify role membership,Medium,Medium,Not Started,UR-170,6,,Not Started,Not Started,Yes,Role governance,Role cert works
UR-173,User & Role Management,Access Certification,Certification Workflow,Workflow for certification process,High,High,Not Started,UR-170,7,,Not Started,Not Started,Yes,Structured certification,Workflow functional
UR-174,User & Role Management,Access Certification,Auto Access Revocation,Revoke uncertified access automatically,Medium,Medium,Not Started,UR-170,6,,Not Started,Not Started,Yes,Automated cleanup,Revocation works
UR-180,User & Role Management,User Preferences,System Preferences,User-configurable system settings,Medium,Medium,Not Started,UR-001,5,,Not Started,Not Started,Yes,Personalization,Preferences saved
UR-181,User & Role Management,User Preferences,Language & Locale,Configure language date number formats,High,Medium,Not Started,UR-180,5,,Not Started,Not Started,Yes,Internationalization,Locale settings work
UR-182,User & Role Management,User Preferences,Default Values,Set default BU ledger module,Medium,Low,Not Started,UR-180,4,,Not Started,Not Started,Yes,User convenience,Defaults applied
UR-183,User & Role Management,User Preferences,Notification Preferences,Configure notification types and frequency,Medium,Medium,Not Started,UR-180,5,,Not Started,Not Started,Yes,Communication control,Preferences enforced
UR-184,User & Role Management,User Preferences,Display Preferences,Theme font size color scheme,Low,Medium,Not Started,UR-180,5,,Not Started,Not Started,Yes,UI customization,Display prefs work
UR-190,User & Role Management,Session Management,Session Creation,Create user session at login,Critical,Medium,Not Started,UR-090,5,,Not Started,Not Started,Yes,Session tracking,Sessions created
UR-191,User & Role Management,Session Management,Session Timeout,Automatic logout after inactivity,High,Medium,Not Started,UR-190,4,,Not Started,Not Started,Yes,Security control,Timeout enforced
UR-192,User & Role Management,Session Management,Session Extension,Extend session before timeout,Medium,Low,Not Started,UR-191,3,,Not Started,Not Started,Yes,User convenience,Extension works
UR-193,User & Role Management,Session Management,Concurrent Session Control,Limit concurrent sessions per user,High,High,Not Started,UR-190,6,,Not Started,Not Started,Yes,License compliance,Limits enforced
UR-194,User & Role Management,Session Management,Session Termination,Terminate user sessions (admin),High,Medium,Not Started,UR-190,4,,Not Started,Not Started,Yes,Admin control,Termination works
UR-195,User & Role Management,Session Management,Session Security,Secure session token management,High,High,Not Started,UR-190,7,,Not Started,Not Started,Yes,Session protection,Security enforced
UR-200,User & Role Management,Report Access,Report Security,Control access to individual reports,High,Medium,Not Started,,6,,Not Started,Not Started,Yes,Report authorization,Security enforced
UR-201,User & Role Management,Report Access,Report Folder Security,Security on report folders/categories,Medium,Medium,Not Started,UR-200,5,,Not Started,Not Started,Yes,Organized access control,Folder security works
UR-202,User & Role Management,Report Access,Report Execution Privilege,Control who can run reports,High,Low,Not Started,UR-200,4,,Not Started,Not Started,Yes,Execution control,Privileges enforced
UR-203,User & Role Management,Report Access,Report Scheduling Privilege,Control who can schedule reports,Medium,Low,Not Started,UR-200,4,,Not Started,Not Started,Yes,Scheduling control,Privileges work
UR-204,User & Role Management,Report Access,Report Parameter Restrictions,Restrict available parameter values,Medium,High,Not Started,UR-200,6,,Not Started,Not Started,Yes,Data security,Restrictions enforced
UR-210,User & Role Management,Emergency Access,Break-Glass Access,Emergency access with full audit trail,High,High,Not Started,UR-030,8,,Not Started,Not Started,Yes,Emergency procedures,Break-glass works
UR-211,User & Role Management,Emergency Access,Emergency Roles,Predefined emergency access roles,Medium,Medium,Not Started,UR-210,5,,Not Started,Not Started,Yes,Quick emergency access,Emergency roles available
UR-212,User & Role Management,Emergency Access,Emergency Access Justification,Require reason for emergency access,High,Low,Not Started,UR-210,3,,Not Started,Not Started,Yes,Accountability,Justification required
UR-213,User & Role Management,Emergency Access,Emergency Access Notification,Alert security team of emergency access,High,Medium,Not Started,UR-210,5,,Not Started,Not Started,Yes,Security monitoring,Notifications sent
UR-214,User & Role Management,Emergency Access,Emergency Access Review,Post-access review of emergency actions,High,Medium,Not Started,UR-210,6,,Not Started,Not Started,Yes,Compliance,Review process works
UR-220,User & Role Management,Self-Service,User Self-Service Portal,Self-service portal for users,Medium,High,Not Started,UR-001,8,,Not Started,Not Started,Yes,User empowerment,Portal functional
UR-221,User & Role Management,Self-Service,View Profile,Users view their own profile and access,High,Low,Not Started,UR-220,3,,Not Started,Not Started,Yes,Transparency,Profile viewable
UR-222,User & Role Management,Self-Service,Update Profile,Users update personal information,Medium,Medium,Not Started,UR-220,5,,Not Started,Not Started,Yes,Self-maintenance,Updates work
UR-223,User & Role Management,Self-Service,Access Request,Users request additional access,High,High,Not Started,UR-220,8,,Not Started,Not Started,Yes,Self-service provisioning,Request workflow works
UR-224,User & Role Management,Self-Service,Access Request Workflow,Approval workflow for access requests,High,High,Not Started,UR-223,8,,Not Started,Not Started,Yes,Controlled provisioning,Workflow functional
UR-225,User & Role Management,Self-Service,Manager Self-Service,Managers manage team access,Medium,High,Not Started,UR-220,7,,Not Started,Not Started,Yes,Manager capability,Manager functions work
UR-230,User & Role Management,Advanced Features,JIT Access,Just-in-time temporary access grants,Medium,High,Not Started,UR-030,8,,Not Started,Not Started,Yes,On-demand access,JIT functional
UR-231,User & Role Management,Advanced Features,Risk-Based Authentication,Adaptive authentication based on risk,Low,High,Not Started,UR-090,9,,Not Started,Not Started,No,Enhanced security,Risk auth works
UR-232,User & Role Management,Advanced Features,Intelligent Access,AI-powered access recommendations,Low,High,Not Started,UR-030,10,,Not Started,Not Started,No,AI assistance,Recommendations work
UR-233,User & Role Management,Advanced Features,Role Mining,Suggest roles based on access patterns,Low,High,Not Started,UR-020,9,,Not Started,Not Started,No,Role optimization,Mining functional
UR-234,User & Role Management,Advanced Features,Anomaly Detection,Detect unusual access patterns,Medium,High,Not Started,UR-140,8,,Not Started,Not Started,Yes,Security monitoring,Detection works
UR-240,User & Role Management,Integration,LDAP Integration,Active Directory LDAP integration,High,High,Not Started,UR-091,8,,Not Started,Not Started,Yes,Enterprise directory,LDAP sync works
UR-241,User & Role Management,Integration,HR System Integration,Sync users from HR system,High,High,Not Started,UR-006,8,,Not Started,Not Started,Yes,Employee data sync,HR integration works
UR-242,User & Role Management,Integration,Identity Management,Integration with IdM systems,Medium,High,Not Started,UR-090,9,,Not Started,Not Started,Yes,Enterprise IdM,IdM integration works
UR-243,User & Role Management,Integration,SIEM Integration,Security information event management,Medium,High,Not Started,UR-140,7,,Not Started,Not Started,Yes,Security monitoring,SIEM integration works
UR-244,User & Role Management,Integration,GRC Integration,Governance risk compliance tool integration,Medium,High,Not Started,UR-160,8,,Not Started,Not Started,Yes,Compliance tools,GRC integration works
UR-250,User & Role Management,Module Integration,GL Module Roles,GL-specific roles and permissions,High,Medium,Not Started,UR-025,5,,Not Started,Not Started,Yes,GL access control,GL roles functional
UR-251,User & Role Management,Module Integration,AP Module Roles,AP-specific roles and permissions,High,Medium,Not Started,UR-025,5,,Not Started,Not Started,Yes,AP access control,AP roles functional
UR-252,User & Role Management,Module Integration,AR Module Roles,AR-specific roles and permissions,High,Medium,Not Started,UR-025,5,,Not Started,Not Started,Yes,AR access control,AR roles functional
UR-253,User & Role Management,Module Integration,Cross-Module Roles,Roles spanning multiple modules,Medium,High,Not Started,UR-025,6,,Not Started,Not Started,Yes,Integrated access,Cross-module roles work
UR-260,User & Role Management,Technical,Performance,Support high-volume user operations,Critical,High,Not Started,,8,,Not Started,Not Started,Yes,System scalability,Performance requirements met
UR-261,User & Role Management,Technical,Concurrent Users,Support 1000+ concurrent users,Critical,High,Not Started,,8,,Not Started,Not Started,Yes,Multi-user support,Concurrency supported
UR-262,User & Role Management,Technical,Scalability,Support 10000+ user accounts,High,High,Not Started,,7,,Not Started,Not Started,Yes,Growth capability,Scalability achieved
UR-263,User & Role Management,Technical,Data Encryption,Encrypt passwords and sensitive data,Critical,Medium,Not Started,,6,,Not Started,Not Started,Yes,Data protection,Encryption enforced
UR-264,User & Role Management,Technical,API Security,Secure REST APIs for user management,High,High,Not Started,,8,,Not Started,Not Started,Yes,Integration security,API security works
UR-270,User & Role Management,Compliance,GDPR Compliance,Support GDPR requirements (data privacy),High,High,Not Started,,8,,Not Started,Not Started,Yes,Privacy compliance,GDPR supported
UR-271,User & Role Management,Compliance,SOX Compliance,Support SOX requirements,High,High,Not Started,UR-160,7,,Not Started,Not Started,Yes,Financial compliance,SOX supported
UR-272,User & Role Management,Compliance,Audit Retention,Maintain audit data per regulations,High,Medium,Not Started,UR-140,6,,Not Started,Not Started,Yes,Compliance requirement,Retention policy met
UR-273,User & Role Management,Compliance,Right to be Forgotten,Delete user data on request (GDPR),Medium,High,Not Started,UR-270,7,,Not Started,Not Started,Yes,Privacy right,Deletion functional
UR-274,User & Role Management,Compliance,Data Export,Export user data for subject access requests,Medium,Medium,Not Started,UR-270,5,,Not Started,Not Started,Yes,Transparency requirement,Export works
